Rank,Player Name,Team,Pos,GP,G,A,Pts,+/-,PIM,SOG,GWG,PPG,PPA,SHG,SHA,Hits,BS,W,L,OTL,GA,SA,SV,SV%,SO,Skater Points,Goalie Points,Points,FO
2,Connor McDavid,EDM,C,82,42,78,120,17,27,268,8,10,26,1,1,34,35,0,0,0,0,0,0,0,0,658.35,0,658.35,-12.4
1,Nikita Kucherov,TB,RW,81,41,73,114,22,58,251,7,14,30,0,1,39,24,0,0,0,0,0,0,0,0,622.6,0,622.6,-0.6
3,Nathan MacKinnon,COL,C,80,40,59,99,16,42,331,8,12,27,1,0,50,26,0,0,0,0,0,0,0,0,622,0,622,-29.8
4,Brad Marchand,BOS,LW,78,38,58,96,19,88,239,8,11,22,2,3,44,22,0,0,0,0,0,0,0,0,549.1,0,549.1,-3
10,Sidney Crosby,PIT,C,80,34,61,95,11,40,241,5,11,23,0,0,81,39,0,0,0,0,0,0,0,0,559.4,0,559.4,39.6
15,Johnny Gaudreau,CGY,LW,79,33,62,95,14,26,239,6,5,22,1,1,13,14,0,0,0,0,0,0,0,0,519.2,0,519.2,-0.2
13,Leon Draisaitl,EDM,C,81,42,53,95,5,46,234,5,13,14,2,0,51,27,0,0,0,0,0,0,0,0,549.4,0,549.4,2.8
7,David Pastrnak,BOS,RW,77,43,50,93,8,34,269,6,18,17,0,0,59,29,0,0,0,0,0,0,0,0,576.1,0,576.1,-0.2
31,Aleksander Barkov,FLA,C,79,33,60,93,6,12,223,4,11,16,3,1,33,65,0,0,0,0,0,0,0,0,542.2,0,542.2,28.6
8,Steven Stamkos,TB,C,77,37,56,93,15,51,227,5,20,21,1,0,65,40,0,0,0,0,0,0,0,0,552.75,0,552.75,11.8
6,Patrick Kane,CHI,RW,82,37,55,92,6,32,322,6,8,18,0,1,22,14,0,0,0,0,0,0,0,0,558.8,0,558.8,-0.6
20,Artemi Panarin,NYR,LW,81,32,60,92,21,25,233,7,8,15,1,1,14,19,0,0,0,0,0,0,0,0,506.35,0,506.35,-0.4
18,Mikko Rantanen,COL,RW,78,32,60,92,11,52,199,5,15,22,0,0,61,40,0,0,0,0,0,0,0,0,517.9,0,517.9,-2.4
25,Mitch Marner,TOR,C,80,25,66,91,19,30,228,4,6,19,1,1,37,37,0,0,0,0,0,0,0,0,499.8,0,499.8,0
30,Claude Giroux,PHI,C,82,26,65,91,16,22,213,3,6,23,0,0,29,21,0,0,0,0,0,0,0,0,483.1,0,483.1,36.8
16,Blake Wheeler,WPG,RW,82,22,69,91,7,58,239,4,4,32,2,1,88,59,0,0,0,0,0,0,0,0,536.7,0,536.7,-5.2
9,John Tavares,TOR,C,81,44,46,90,16,32,274,6,11,16,1,1,52,50,0,0,0,0,0,0,0,0,575.8,0,575.8,27.2
14,Taylor Hall,NJ,LW,80,36,52,88,9,40,269,6,11,20,0,1,69,50,0,0,0,0,0,0,0,0,558.1,0,558.1,-1.2
19,Evgeni Malkin,PIT,C,75,34,53,87,-2,85,216,6,13,21,0,0,49,31,0,0,0,0,0,0,0,0,496.85,0,496.85,-14.4
5,Alex Ovechkin,WAS,LW,81,50,37,87,5,38,344,6,18,12,0,0,218,33,0,0,0,0,0,0,0,0,669.2,0,669.2,-0.6
44,Jonathan Huberdeau,FLA,LW,82,28,59,87,-5,36,211,4,9,20,0,0,46,44,0,0,0,0,0,0,0,0,490.9,0,490.9,1
26,Brayden Point,TB,C,71,35,52,87,23,24,197,9,16,15,2,1,30,41,0,0,0,0,0,0,0,0,511,0,511,2.8
29,Jack Eichel,BUF,C,78,29,56,85,-8,30,291,5,9,19,0,0,69,44,0,0,0,0,0,0,0,0,538.6,0,538.6,-15.2
21,Auston Matthews,TOR,C,77,44,41,85,11,20,264,8,13,12,0,1,24,63,0,0,0,0,0,0,0,0,554.1,0,554.1,7.8
33,Phil Kessel,ARI,RW,82,31,53,84,-10,32,243,8,12,28,0,0,13,15,0,0,0,0,0,0,0,0,496.2,0,496.2,-0.2
39,Sebastian Aho,CAR,LW,80,32,51,83,8,31,239,4,5,12,1,1,66,27,0,0,0,0,0,0,0,0,493.65,0,493.65,-6.8
11,Tyler Seguin,DAL,C,82,35,46,81,15,26,331,7,11,16,0,0,71,45,0,0,0,0,0,0,0,0,563.9,0,563.9,19.4
53,Mark Scheifele,WPG,C,78,34,47,81,13,34,183,5,9,10,1,2,55,44,0,0,0,0,0,0,0,0,473,0,473,-26
50,Sean Monahan,CGY,C,79,35,46,81,6,18,219,6,11,10,0,0,37,20,0,0,0,0,0,0,0,0,475.8,0,475.8,4
34,Patrice Bergeron,BOS,C,73,31,49,80,22,28,226,5,8,16,3,2,56,55,0,0,0,0,0,0,0,0,501.9,0,501.9,36.6
23,Brent Burns,SJ,D,82,17,61,78,11,38,323,5,8,22,1,2,85,123,0,0,0,0,0,0,0,0,561.5,0,561.5,-0.2
57,Evgeny Kuznetsov,WAS,C,79,25,53,78,4,48,197,5,7,19,0,1,48,24,0,0,0,0,0,0,0,0,439.7,0,439.7,-46.2
79,Tomas Hertl,SJ,LW,77,33,45,78,2,30,189,5,9,8,1,1,69,71,0,0,0,0,0,0,0,0,481.1,0,481.1,7
52,Mika Zibanejad,NYR,C,80,29,49,78,-4,44,229,4,12,12,1,0,119,74,0,0,0,0,0,0,0,0,514.1,0,514.1,-2.2
41,Matthew Tkachuk,CGY,LW,77,32,45,77,8,69,199,3,10,12,0,0,83,19,0,0,0,0,0,0,0,0,447.95,0,447.95,-0.2
73,Mathew Barzal,NYI,C,82,24,53,77,2,44,189,4,5,19,0,0,24,46,0,0,0,0,0,0,0,0,427.1,0,427.1,-19.6
38,Dylan Larkin,DET,C,80,31,45,76,-9,67,284,4,7,8,1,1,77,40,0,0,0,0,0,0,0,0,493.05,0,493.05,28.6
51,Sean Couturier,PHI,C,79,32,44,76,13,34,226,6,7,8,0,0,51,54,0,0,0,0,0,0,0,0,470.9,0,470.9,37.4
61,Mark Stone,VGK,RW,75,32,44,76,15,26,197,4,6,13,1,1,68,64,0,0,0,0,0,0,0,0,474.2,0,474.2,-1.2
35,Jamie Benn,DAL,C,78,32,44,76,18,58,220,4,9,11,1,1,141,69,0,0,0,0,0,0,0,0,510.4,0,510.4,-1.6
32,Alexander Radulov,DAL,RW,76,30,46,76,15,62,228,6,8,18,0,0,71,79,0,0,0,0,0,0,0,0,492.4,0,492.4,-0.8
87,Teuvo Teravainen,CAR,C,82,22,53,75,22,14,176,3,7,15,0,1,33,24,0,0,0,0,0,0,0,0,408.7,0,408.7,-1.4
27,Timo Meier,SJ,LW,80,34,41,75,11,58,285,4,8,7,0,0,101,44,0,0,0,0,0,0,0,0,506.4,0,506.4,-2.8
74,Elias Pettersson,VAN,C,77,33,42,75,6,16,194,6,12,14,0,0,44,55,0,0,0,0,0,0,0,0,467.1,0,467.1,-22.6
42,Viktor Arvidsson,NSH,LW,74,41,33,74,15,32,251,9,4,5,4,2,24,41,0,0,0,0,0,0,0,0,490.6,0,490.6,-2.6
76,Jakub Voracek,PHI,LW,81,20,54,74,-8,52,217,2,5,22,0,0,23,30,0,0,0,0,0,0,0,0,412.7,0,412.7,-1.2
85,Nicklas Backstrom,WAS,C,81,23,51,74,7,40,173,4,7,20,0,0,46,36,0,0,0,0,0,0,0,0,415.9,0,415.9,-7.8
58,Jake Guentzel,PIT,LW,82,38,35,73,11,34,224,3,7,5,0,0,123,48,0,0,0,0,0,0,0,0,489.7,0,489.7,-2
84,Elias Lindholm,CGY,RW,81,25,47,72,23,18,181,4,7,14,1,3,91,40,0,0,0,0,0,0,0,0,445.4,0,445.4,16.2
40,Vincent Trocheck,FLA,C,82,30,42,72,-4,50,283,4,11,12,2,2,149,52,0,0,0,0,0,0,0,0,529.6,0,529.6,7
69,Alex DeBrincat,CHI,RW,82,39,33,72,4,12,228,4,12,10,1,1,33,24,0,0,0,0,0,0,0,0,464.2,0,464.2,-0.6
68,Kyle Connor,WPG,LW,82,37,34,71,2,20,238,6,12,9,0,0,15,25,0,0,0,0,0,0,0,0,452.5,0,452.5,0.6
95,Kevin Labanc,SJ,RW,81,22,49,71,3,42,177,6,5,24,0,0,79,31,0,0,0,0,0,0,0,0,423.1,0,423.1,-1
82,William Nylander,TOR,C,82,24,47,71,8,24,224,5,7,14,0,0,28,24,0,0,0,0,0,0,0,0,421.2,0,421.2,7.6
37,Vladimir Tarasenko,STL,RW,80,35,36,71,11,20,291,6,11,12,0,0,90,39,0,0,0,0,0,0,0,0,514,0,514,0.4
43,Gabriel Landeskog,COL,LW,77,31,40,71,18,49,224,5,9,15,1,0,133,54,0,0,0,0,0,0,0,0,490.95,0,490.95,5.6
36,Jonathan Marchessault,VGK,LW,78,28,43,71,16,50,274,6,7,10,0,0,102,24,0,0,0,0,0,0,0,0,475.3,0,475.3,-12.6
70,Joe Pavelski,DAL,C,77,32,39,71,3,32,224,5,10,11,1,1,80,63,0,0,0,0,0,0,0,0,479.5,0,479.5,12.6
133,Anze Kopitar,LA,C,81,26,45,71,-16,28,168,4,5,19,1,1,62,65,0,0,0,0,0,0,0,0,435.3,0,435.3,37
65,Erik Karlsson,SJ,D,77,16,55,71,13,38,231,3,5,22,0,1,62,129,0,0,0,0,0,0,0,0,475.3,0,475.3,-0.2
66,Ryan O'Reilly,STL,C,80,26,45,71,20,10,232,4,9,14,1,2,37,44,0,0,0,0,0,0,0,0,452.3,0,452.3,52.4
72,Pierre-Luc Dubois,CLS,LW,82,29,41,70,11,58,194,6,5,10,0,0,122,50,0,0,0,0,0,0,0,0,451.3,0,451.3,-27.4
86,Brock Boeser,VAN,RW,77,31,38,69,2,28,219,4,9,12,0,0,30,24,0,0,0,0,0,0,0,0,424.5,0,424.5,-2.4
80,John Carlson,WAS,D,80,14,55,69,13,36,208,3,3,29,0,0,51,153,0,0,0,0,0,0,0,0,464.9,0,464.9,0
96,Logan Couture,SJ,C,80,32,37,69,4,20,206,4,10,11,2,2,56,61,0,0,0,0,0,0,0,0,458.9,0,458.9,-9
59,Max Domi,MON,C,82,26,43,69,18,77,199,3,3,8,0,0,55,40,0,0,0,0,0,0,0,0,398.25,0,398.25,-20.4
75,Mike Hoffman,FLA,LW,82,33,35,68,-18,34,255,5,13,17,0,0,40,30,0,0,0,0,0,0,0,0,460,0,460,-2.4
118,Matt Duchene,NSH,C,78,30,38,68,7,14,181,3,8,8,0,0,44,47,0,0,0,0,0,0,0,0,414.1,0,414.1,26
125,Evgenii Dadonov,FLA,RW,79,28,40,68,2,10,193,5,7,8,0,0,29,38,0,0,0,0,0,0,0,0,409.6,0,409.6,-0.2
91,Brayden Schenn,STL,LW,79,26,41,67,6,48,203,6,7,11,0,1,133,36,0,0,0,0,0,0,0,0,445.7,0,445.7,-6.8
105,Rickard Rakell,ANH,C,77,33,34,67,-6,26,224,5,7,9,0,0,101,36,0,0,0,0,0,0,0,0,456.9,0,456.9,-2.8
104,William Karlsson,VGK,C,82,33,34,67,14,18,185,6,8,8,3,1,49,52,0,0,0,0,0,0,0,0,436.6,0,436.6,-11.6
103,Bo Horvat,VAN,C,82,29,38,67,-2,31,216,4,9,10,2,2,66,55,0,0,0,0,0,0,0,0,448.15,0,448.15,29.6
54,Filip Forsberg,NSH,RW,74,34,32,66,15,34,241,5,11,12,2,1,111,39,0,0,0,0,0,0,0,0,480.9,0,480.9,-1
110,Torey Krug,BOS,D,77,12,54,66,3,38,204,3,4,24,0,0,67,71,0,0,0,0,0,0,0,0,410.8,0,410.8,0
112,Ryan Nugent-Hopkins,EDM,LW,80,27,39,66,1,24,200,4,7,16,1,1,61,44,0,0,0,0,0,0,0,0,427.4,0,427.4,-16.4
97,Jonathan Toews,CHI,C,78,27,39,66,3,44,214,4,6,11,0,0,40,34,0,0,0,0,0,0,0,0,406,0,406,47.6
93,Nikolaj Ehlers,WPG,LW,82,30,36,66,7,32,227,5,6,7,0,0,41,26,0,0,0,0,0,0,0,0,415.9,0,415.9,0
126,Sam Reinhart,BUF,C,81,26,40,66,-7,24,199,4,8,12,0,0,44,51,0,0,0,0,0,0,0,0,414.6,0,414.6,-5
138,Nick Schmaltz,ARI,RW,77,25,41,66,-3,24,164,5,8,14,0,0,27,32,0,0,0,0,0,0,0,0,382.8,0,382.8,-14.6
140,Dylan Strome,CHI,C,79,24,42,66,-5,22,176,4,7,13,0,0,21,39,0,0,0,0,0,0,0,0,384.4,0,384.4,-5.8
127,Thomas Chabot,OTT,D,77,17,48,65,-9,38,208,4,3,19,0,0,82,122,0,0,0,0,0,0,0,0,447.3,0,447.3,0
63,Patrik Laine,WPG,RW,81,39,25,64,-3,36,254,6,17,9,0,0,71,45,0,0,0,0,0,0,0,0,476.9,0,476.9,-1.6
60,Victor Hedman,TB,D,78,16,48,64,29,48,208,5,3,27,0,1,121,118,0,0,0,0,0,0,0,0,465.4,0,465.4,-0.2
131,Mikael Granlund,NSH,C,78,20,44,64,4,22,191,4,5,15,2,2,47,44,0,0,0,0,0,0,0,0,398.8,0,398.8,-6
142,Ryan Johansen,NSH,C,80,15,48,63,9,60,139,4,1,15,1,1,91,27,0,0,0,0,0,0,0,0,351.4,0,351.4,20.6
166,Josh Bailey,NYI,LW,80,17,46,63,6,19,142,3,3,15,0,0,22,34,0,0,0,0,0,0,0,0,339.05,0,339.05,1.6
94,Kris Letang,PIT,D,75,15,47,62,9,54,231,2,3,18,0,1,120,118,0,0,0,0,0,0,0,0,452,0,452,0
114,Mathew Dumba,MIN,D,78,18,44,62,11,55,189,3,6,12,0,1,121,108,0,0,0,0,0,0,0,0,431.15,0,431.15,0
128,Morgan Rielly,TOR,D,77,13,49,62,20,16,189,2,2,19,0,0,55,112,0,0,0,0,0,0,0,0,405.5,0,405.5,-0.2
141,Jack Hughes,NJ,C,78,20,42,62,13,16,173,4,7,11,0,0,24,42,0,0,0,0,0,0,0,0,365.1,0,365.1,0
132,Clayton Keller,ARI,C,82,21,40,61,-8,26,222,4,5,17,0,0,14,23,0,0,0,0,0,0,0,0,376.6,0,376.6,-5.6
119,Jake DeBrusk,BOS,LW,76,32,29,61,8,24,195,6,9,7,0,0,61,30,0,0,0,0,0,0,0,0,405.9,0,405.9,-4.4
134,John Klingberg,DAL,D,78,14,47,61,11,30,172,4,5,21,0,0,43,100,0,0,0,0,0,0,0,0,390.7,0,390.7,0
100,Anthony Mantha,DET,RW,79,30,31,61,-6,55,239,3,8,7,0,0,88,34,0,0,0,0,0,0,0,0,421.95,0,421.95,-1.2
78,Jeff Skinner,BUF,LW,81,36,25,61,2,36,269,5,6,7,0,0,34,25,0,0,0,0,0,0,0,0,429.6,0,429.6,2.6
107,Tyson Barrie,TOR,D,76,15,46,61,6,34,222,3,4,24,0,0,44,87,0,0,0,0,0,0,0,0,410.6,0,410.6,0
83,Nazem Kadri,COL,C,76,31,29,60,8,58,216,4,11,9,0,0,111,29,0,0,0,0,0,0,0,0,422.4,0,422.4,15.2
149,Keith Yandle,FLA,D,82,8,52,60,-6,46,178,1,4,25,0,1,40,81,0,0,0,0,0,0,0,0,363,0,363,0
168,David Krejci,BOS,C,80,21,39,60,8,18,147,3,7,9,0,1,33,31,0,0,0,0,0,0,0,0,343.7,0,343.7,-7
116,Eric Staal,MIN,C,82,27,33,60,2,38,217,5,9,7,1,1,42,36,0,0,0,0,0,0,0,0,397.8,0,397.8,5.4
135,Gustav Nyquist,CLS,RW,81,23,37,60,8,18,212,3,3,9,0,0,55,30,0,0,0,0,0,0,0,0,382.5,0,382.5,0
99,Cam Atkinson,CLS,RW,77,34,26,60,7,16,264,5,5,5,3,1,33,30,0,0,0,0,0,0,0,0,432.2,0,432.2,-5.6
64,Andrei Svechnikov,CAR,RW,82,31,29,60,8,68,256,5,4,10,0,0,134,35,0,0,0,0,0,0,0,0,448.1,0,448.1,-1
123,Nico Hischier,NJ,C,82,22,38,60,9,30,203,4,4,14,0,1,55,44,0,0,0,0,0,0,0,0,390,0,390,-18.4
121,Kaapo Kakko,NYR,RW,80,31,28,59,7,24,204,4,5,11,0,0,57,48,0,0,0,0,0,0,0,0,405.8,0,405.8,0
111,Andreas Athanasiou,DET,C,78,33,26,59,-7,42,236,5,6,10,0,1,34,27,0,0,0,0,0,0,0,0,405.6,0,405.6,-11.4
173,Mats Zuccarello,MIN,RW,80,17,42,59,-5,34,156,3,4,15,0,0,68,55,0,0,0,0,0,0,0,0,360.2,0,360.2,-2
115,Seth Jones,CLS,D,78,15,43,58,8,30,237,4,6,16,0,1,104,131,0,0,0,0,0,0,0,0,454.1,0,454.1,0
77,Anders Lee,NYI,C,81,36,22,58,18,54,207,4,12,7,0,1,101,43,0,0,0,0,0,0,0,0,426.9,0,426.9,-1
139,Alex Tuch,VGK,RW,76,22,36,58,12,22,201,5,5,6,0,0,96,43,0,0,0,0,0,0,0,0,393.9,0,393.9,-5.2
172,Kevin Hayes,PHI,C,76,22,35,57,5,16,171,4,5,7,2,1,51,31,0,0,0,0,0,0,0,0,358.4,0,358.4,-3
90,Roman Josi,NSH,D,79,15,42,57,16,38,271,3,5,12,0,1,67,134,0,0,0,0,0,0,0,0,445.8,0,445.8,-0.2
146,Derek Stepan,ARI,C,81,16,41,57,4,22,211,3,3,15,2,1,51,53,0,0,0,0,0,0,0,0,379.9,0,379.9,-14.8
198,Ryan Getzlaf,ANH,C,69,15,42,57,-13,56,139,3,2,12,1,1,138,69,0,0,0,0,0,0,0,0,370.2,0,370.2,17.6
156,Dustin Brown,LA,RW,80,25,32,57,-13,36,203,4,9,5,1,0,167,30,0,0,0,0,0,0,0,0,419.3,0,419.3,-3
130,James van Riemsdyk,PHI,LW,80,31,25,56,-4,32,211,5,10,10,0,0,44,19,0,0,0,0,0,0,0,0,384.6,0,384.6,0.2
160,Jordan Eberle,NYI,RW,80,24,32,56,3,19,185,6,6,8,0,0,40,36,0,0,0,0,0,0,0,0,363.75,0,363.75,-0.4
122,P.K. Subban,NJ,D,74,13,43,56,11,71,177,2,5,18,0,1,82,89,0,0,0,0,0,0,0,0,371.05,0,371.05,0
148,Nino Niederreiter,CAR,RW,82,24,32,56,5,34,181,3,7,8,0,0,89,20,0,0,0,0,0,0,0,0,364.6,0,364.6,1.4
147,Reilly Smith,VGK,RW,76,20,36,56,19,25,171,3,5,9,1,1,42,28,0,0,0,0,0,0,0,0,342.05,0,342.05,0.6
184,J.T. Miller,VAN,C,82,22,34,56,4,36,133,5,6,8,0,0,122,25,0,0,0,0,0,0,0,0,354.8,0,354.8,-1.2
136,Jacob Trouba,NYR,D,80,10,46,56,10,54,191,2,4,17,0,1,109,146,0,0,0,0,0,0,0,0,413.6,0,413.6,0
153,T.J. Oshie,WAS,RW,75,25,30,55,11,36,154,4,8,9,1,1,125,59,0,0,0,0,0,0,0,0,391.5,0,391.5,-7.4
155,Zach Parise,MIN,LW,73,25,30,55,-1,32,201,5,7,5,0,1,43,70,0,0,0,0,0,0,0,0,383.7,0,383.7,-3.2
143,Rasmus Dahlin,BUF,D,82,13,42,55,-9,40,228,5,7,17,0,1,109,71,0,0,0,0,0,0,0,0,410.1,0,410.1,0
106,Brady Tkachuk,OTT,LW,76,25,29,54,-9,88,242,4,5,9,0,0,182,30,0,0,0,0,0,0,0,0,420.8,0,420.8,-0.6
157,Yanni Gourde,TB,LW,81,23,31,54,15,58,133,5,6,5,1,1,79,36,0,0,0,0,0,0,0,0,334.6,0,334.6,3.8
55,Evander Kane,SJ,LW,77,29,25,54,-5,134,272,2,4,5,2,1,168,32,0,0,0,0,0,0,0,0,424.7,0,424.7,-5.6
71,Brendan Gallagher,MON,RW,82,32,22,54,9,44,291,4,7,8,0,0,113,39,0,0,0,0,0,0,0,0,448.2,0,448.2,-1
171,Jonathan Drouin,MON,C,78,19,34,53,-3,28,188,3,4,15,0,0,55,25,0,0,0,0,0,0,0,0,343.5,0,343.5,-2.8
180,Ryan Dzingel,CAR,C,80,25,28,53,6,33,150,3,5,6,0,0,61,30,0,0,0,0,0,0,0,0,332.15,0,332.15,-3.4
164,Tyler Bertuzzi,DET,LW,80,23,30,53,9,46,161,3,4,5,0,0,87,49,0,0,0,0,0,0,0,0,348.3,0,348.3,-2
225,Colin White,OTT,C,79,18,35,53,-15,30,158,3,6,6,0,0,30,41,0,0,0,0,0,0,0,0,317,0,317,-8.2
158,Andreas Johnsson,TOR,LW,77,24,29,53,12,36,169,4,5,6,0,0,64,41,0,0,0,0,0,0,0,0,347.6,0,347.6,-1
212,Nikita Gusev,NJ,LW,79,12,41,53,7,14,134,3,5,16,0,0,27,36,0,0,0,0,0,0,0,0,302.3,0,302.3,0
150,Travis Konecny,PHI,C,79,26,26,52,4,46,192,5,5,5,0,0,84,46,0,0,0,0,0,0,0,0,369.1,0,369.1,-1.6
191,Jaden Schwartz,STL,LW,72,20,32,52,4,24,177,2,4,5,0,0,64,33,0,0,0,0,0,0,0,0,333.6,0,333.6,-0.2
137,Chris Kreider,NYR,LW,76,27,25,52,4,58,197,3,6,6,0,0,140,41,0,0,0,0,0,0,0,0,388.5,0,388.5,-3.6
101,Mark Giordano,CGY,D,81,15,37,52,28,65,219,3,3,13,2,2,77,149,0,0,0,0,0,0,0,0,414.55,0,414.55,0
113,Mikael Backlund,CGY,C,80,20,31,51,25,64,212,3,3,8,1,2,55,37,0,0,0,0,0,0,0,0,346.5,0,346.5,-1.8
202,Ryan Suter,MIN,D,81,8,43,51,0,38,158,2,3,15,1,1,78,122,0,0,0,0,0,0,0,0,356.7,0,356.7,0.2
175,Drew Doughty,LA,D,82,10,41,51,-14,52,199,2,6,18,1,1,144,127,0,0,0,0,0,0,0,0,412.6,0,412.6,0
185,Brandon Saad,CHI,LW,82,24,27,51,-4,14,220,6,4,2,2,1,45,30,0,0,0,0,0,0,0,0,364.5,0,364.5,-2.8
223,Erik Gustafsson,CHI,D,77,12,39,51,-4,38,145,2,3,12,0,0,105,119,0,0,0,0,0,0,0,0,360.5,0,360.5,0
177,Ondrej Kase,ANH,RW,75,25,26,51,9,15,185,1,3,5,0,0,42,27,0,0,0,0,0,0,0,0,332.05,0,332.05,-1.8
152,Jason Zucker,MIN,LW,81,25,25,50,3,40,200,6,7,8,1,0,81,41,0,0,0,0,0,0,0,0,371.9,0,371.9,-1.8
200,Pavel Buchnevich,NYR,LW,74,24,26,50,-4,24,158,2,6,10,0,0,69,31,0,0,0,0,0,0,0,0,334.1,0,334.1,-2.2
182,Alex Pietrangelo,STL,D,77,14,36,50,7,22,194,3,3,11,0,1,55,155,0,0,0,0,0,0,0,0,391,0,391,-0.2
145,Kyle Palmieri,NJ,RW,76,26,24,50,-4,38,211,3,11,11,0,0,97,44,0,0,0,0,0,0,0,0,386.8,0,386.8,-7.6
181,Mikko Koivu,MIN,C,80,15,35,50,6,42,168,2,2,13,0,1,35,51,0,0,0,0,0,0,0,0,314,0,314,16.4
210,Paul Stastny,VGK,C,69,17,33,50,10,32,134,3,3,7,0,1,40,30,0,0,0,0,0,0,0,0,292,0,292,15.8
189,Alex Galchenyuk,PIT,RW,75,21,28,49,-6,30,179,3,8,14,0,0,52,41,0,0,0,0,0,0,0,0,340.3,0,340.3,-7
187,Tyler Johnson,TB,C,81,23,26,49,11,26,167,3,2,8,1,0,49,42,0,0,0,0,0,0,0,0,328.6,0,328.6,-2.6
188,Zach Werenski,CLS,D,80,14,35,49,4,20,197,2,3,14,0,0,62,92,0,0,0,0,0,0,0,0,360.3,0,360.3,0
102,Tom Wilson,WAS,RW,79,25,23,48,12,158,159,3,4,3,1,0,222,55,0,0,0,0,0,0,0,0,365.3,0,365.3,1
151,Shea Theodore,VGK,D,80,15,33,48,2,26,259,1,5,9,0,0,34,85,0,0,0,0,0,0,0,0,369.1,0,369.1,0.2
120,Wayne Simmonds,NJ,RW,78,26,22,48,-5,108,198,3,10,6,1,0,144,47,0,0,0,0,0,0,0,0,373.1,0,373.1,-1.8
193,David Perron,STL,RW,74,19,29,48,2,56,149,2,3,10,0,0,87,19,0,0,0,0,0,0,0,0,303.8,0,303.8,-0.6
163,Tomas Tatar,MON,LW,81,22,25,47,18,36,184,4,5,4,0,0,79,29,0,0,0,0,0,0,0,0,331.1,0,331.1,-3.8
108,Dustin Byfuglien,WPG,D,73,9,38,47,12,109,219,2,3,16,0,1,154,104,0,0,0,0,0,0,0,0,379.85,0,379.85,0
179,Max Pacioretty,VGK,LW,73,25,22,47,-6,34,207,5,5,7,1,0,125,24,0,0,0,0,0,0,0,0,372,0,372,-2.2
254,Joe Thornton,SJ,C,69,14,33,47,4,28,91,2,2,14,0,0,30,20,0,0,0,0,0,0,0,0,249.5,0,249.5,7.4
178,Brock Nelson,NYI,C,82,23,24,47,14,38,167,3,3,5,0,0,52,53,0,0,0,0,0,0,0,0,322.3,0,322.3,-11.6
227,Adam Henrique,ANH,C,82,22,25,47,-2,22,141,5,7,7,1,2,77,69,0,0,0,0,0,0,0,0,345.3,0,345.3,11.8
240,Rasmus Ristolainen,BUF,D,77,6,40,46,-31,50,191,2,1,20,0,0,229,118,0,0,0,0,0,0,0,0,408.6,0,408.6,0
208,Josh Morrissey,WPG,D,81,10,36,46,11,30,154,3,5,12,0,0,102,135,0,0,0,0,0,0,0,0,358.8,0,358.8,0
217,Alexander Steen,STL,LW,76,14,32,46,4,32,159,2,4,11,1,0,54,57,0,0,0,0,0,0,0,0,308.6,0,308.6,-1.4
204,Jeff Carter,LA,C,77,22,24,46,-12,44,175,4,8,8,1,1,84,33,0,0,0,0,0,0,0,0,336.6,0,336.6,6
194,Erik Haula,CAR,C,75,22,24,46,11,32,156,4,6,6,0,0,67,39,0,0,0,0,0,0,0,0,318.3,0,318.3,0.8
221,Jakob Silfverberg,ANH,RW,75,22,24,46,-13,26,199,3,2,7,1,1,50,59,0,0,0,0,0,0,0,0,343.5,0,343.5,-2.6
218,Jake Gardiner,CAR,D,80,7,39,46,18,34,142,1,1,12,0,0,57,91,0,0,0,0,0,0,0,0,297.8,0,297.8,-0.2
201,Oliver Ekman-Larsson,ARI,D,81,14,32,46,-11,48,184,2,6,12,0,1,161,68,0,0,0,0,0,0,0,0,368.4,0,368.4,0
229,Tyler Bozak,STL,C,78,15,31,46,1,26,152,2,3,9,0,0,44,31,0,0,0,0,0,0,0,0,286.6,0,286.6,14.4
220,Esa Lindell,DAL,D,80,10,36,46,18,35,139,1,5,5,1,1,152,169,0,0,0,0,0,0,0,0,380.05,0,380.05,0
197,Jesperi Kotkaniemi,MON,C,81,15,31,46,6,38,181,4,3,7,0,0,74,46,0,0,0,0,0,0,0,0,319.6,0,319.6,-13.4
215,Miro Heiskanen,DAL,D,82,15,30,45,-6,20,205,3,4,10,0,1,37,77,0,0,0,0,0,0,0,0,337.8,0,337.8,0
162,Patric Hornqvist,PIT,RW,73,24,21,45,3,40,211,2,7,7,0,0,144,55,0,0,0,0,0,0,0,0,381.6,0,381.6,0
124,Dougie Hamilton,CAR,D,82,19,26,45,2,64,274,3,4,7,0,0,139,87,0,0,0,0,0,0,0,0,410.1,0,410.1,-0.2
165,Craig Smith,NSH,RW,77,23,21,44,14,22,219,2,5,5,0,0,71,31,0,0,0,0,0,0,0,0,339.9,0,339.9,-0.4
214,Tyler Toffoli,LA,RW,82,21,23,44,-11,21,220,4,5,4,1,1,59,20,0,0,0,0,0,0,0,0,333.35,0,333.35,-0.6
176,Darnell Nurse,EDM,D,82,9,35,44,-3,77,208,2,1,10,0,0,168,151,0,0,0,0,0,0,0,0,392.45,0,392.45,0
222,Jeff Petry,MON,D,82,12,32,44,3,30,175,3,4,10,0,0,177,129,0,0,0,0,0,0,0,0,391.3,0,391.3,-0.2
183,Shea Weber,MON,D,78,18,26,44,13,32,188,3,8,5,0,1,151,159,0,0,0,0,0,0,0,0,414.9,0,414.9,0
298,Travis Zajac,NJ,C,77,17,27,44,-9,22,116,2,4,6,1,1,65,37,0,0,0,0,0,0,0,0,281,0,281,47.2
252,Alex Kerfoot,TOR,C,78,17,27,44,-2,40,109,1,3,9,0,0,32,37,0,0,0,0,0,0,0,0,255.8,0,255.8,0
211,Shayne Gostisbehere,PHI,D,75,11,33,44,-9,30,204,2,5,15,0,0,50,109,0,0,0,0,0,0,0,0,347,0,347,0
228,Kevin Fiala,MIN,LW,80,19,25,44,-11,34,176,3,3,9,0,0,44,23,0,0,0,0,0,0,0,0,296.6,0,296.6,-0.4
232,Ryan Donato,MIN,C,78,15,29,44,-8,16,191,2,5,9,0,0,38,27,0,0,0,0,0,0,0,0,300.2,0,300.2,-1.2
219,Roope Hintz,DAL,LW,79,16,28,44,-5,34,178,5,5,11,0,0,119,49,0,0,0,0,0,0,0,0,342.6,0,342.6,6.8
161,Vince Dunn,STL,D,79,15,29,44,16,52,194,3,5,8,0,0,56,75,0,0,0,0,0,0,0,0,324.9,0,324.9,-0.2
277,Quinn Hughes,VAN,D,76,10,33,43,0,30,106,1,2,15,0,0,71,81,0,0,0,0,0,0,0,0,282.4,0,282.4,0
244,Carl Soderberg,ARI,C,81,18,25,43,-4,28,164,2,2,6,2,0,88,65,0,0,0,0,0,0,0,0,323.7,0,323.7,-2.8
230,Ryan McDonagh,TB,D,76,7,36,43,31,36,117,1,1,4,0,2,88,162,0,0,0,0,0,0,0,0,319.7,0,319.7,0
253,Phillip Danault,MON,C,74,12,31,43,10,40,124,1,0,1,0,1,80,52,0,0,0,0,0,0,0,0,268,0,268,35.2
226,Micheal Ferland,VAN,LW,74,20,22,42,-4,50,149,2,6,6,0,0,177,30,0,0,0,0,0,0,0,0,329.8,0,329.8,-5.4
207,Mattias Ekholm,NSH,D,81,9,33,42,26,45,139,2,3,7,1,1,71,109,0,0,0,0,0,0,0,0,303.15,0,303.15,0
#N/A,Chris Tierney,OTT,C,81,12,30,42,-19,24,112,2,1,7,1,1,33,49,0,0,0,0,0,0,0,0,253.7,0,253.7,3.8
286,Anthony Duclair,OTT,LW,77,20,22,42,-11,18,146,2,6,2,0,0,41,32,0,0,0,0,0,0,0,0,278.9,0,278.9,-2.2
285,Bryan Little,WPG,C,82,16,26,42,-8,28,131,3,3,7,0,1,55,31,0,0,0,0,0,0,0,0,272,0,272,10
224,Ryan Ellis,NSH,D,80,9,33,42,23,23,162,2,2,5,1,1,64,141,0,0,0,0,0,0,0,0,330.35,0,330.35,0
#N/A,Jesper Bratt,NJ,LW,72,13,29,42,-2,20,114,2,3,8,0,0,48,29,0,0,0,0,0,0,0,0,252.7,0,252.7,0.2
190,Frank Vatrano,FLA,LW,80,25,17,42,-5,36,221,2,3,7,0,0,136,71,0,0,0,0,0,0,0,0,381.4,0,381.4,-1.6
237,Mikhail Sergachev,TB,D,78,8,34,42,14,36,137,2,2,11,0,0,108,99,0,0,0,0,0,0,0,0,311.2,0,311.2,0
216,Ivan Provorov,PHI,D,82,15,27,42,4,36,189,2,2,6,0,0,131,159,0,0,0,0,0,0,0,0,385.4,0,385.4,-0.2
251,Vinnie Hinostroza,ARI,C,77,20,21,41,-9,20,165,2,4,6,0,1,51,37,0,0,0,0,0,0,0,0,295.4,0,295.4,-5
265,Conor Sheary,BUF,LW,77,20,21,41,-6,20,158,3,4,2,0,0,33,31,0,0,0,0,0,0,0,0,277.7,0,277.7,0.8
235,Charlie McAvoy,BOS,D,74,10,30,40,17,64,111,4,3,6,0,1,148,106,0,0,0,0,0,0,0,0,310.7,0,310.7,0
279,Christian Dvorak,ARI,LW,77,15,25,40,3,22,132,2,2,6,0,0,95,54,0,0,0,0,0,0,0,0,287.5,0,287.5,4.8
#N/A,Marcus Johansson,BUF,LW,72,16,24,40,-14,16,125,2,3,10,0,0,30,24,0,0,0,0,0,0,0,0,251.5,0,251.5,-3.6
261,Paul Byron,MON,C,80,21,19,40,11,25,122,3,1,2,1,1,141,48,0,0,0,0,0,0,0,0,310.15,0,310.15,-2.2
234,Corey Perry,DAL,RW,72,15,25,40,-5,66,149,2,4,6,0,0,62,34,0,0,0,0,0,0,0,0,263.8,0,263.8,-0.4
258,Jordan Staal,CAR,C,71,16,24,40,-4,30,157,2,2,6,1,1,151,30,0,0,0,0,0,0,0,0,314.4,0,314.4,23.8
#N/A,Connor Brown,OTT,RW,82,16,24,40,-15,16,133,2,3,4,1,1,34,36,0,0,0,0,0,0,0,0,261.1,0,261.1,-2.2
205,Ryan Pulock,NYI,D,81,11,29,40,18,18,202,2,4,7,0,0,134,139,0,0,0,0,0,0,0,0,376.6,0,376.6,0
268,Jared Spurgeon,MIN,D,79,12,28,40,4,20,143,2,3,8,0,1,79,156,0,0,0,0,0,0,0,0,337.1,0,337.1,0.2
242,Charlie Coyle,BOS,RW,79,15,25,40,5,39,161,2,2,3,1,0,81,62,0,0,0,0,0,0,0,0,295.15,0,295.15,-11.6
206,Alex Killorn,TB,C,82,16,24,40,21,47,154,1,2,5,1,1,86,24,0,0,0,0,0,0,0,0,276.65,0,276.65,-1.2
238,Andrew Shaw,CHI,C,67,17,22,39,2,77,127,2,3,2,0,0,122,40,0,0,0,0,0,0,0,0,273.05,0,273.05,-4.4
256,Vladislav Namestnikov,NYR,C,79,16,23,39,-3,44,148,2,2,4,1,2,109,54,0,0,0,0,0,0,0,0,298.6,0,298.6,-2
275,Tanner Pearson,VAN,LW,81,17,22,39,-12,27,172,2,3,3,0,0,124,40,0,0,0,0,0,0,0,0,309.85,0,309.85,-1.4
243,James Neal,EDM,RW,71,20,19,39,-2,26,174,4,5,5,0,0,48,28,0,0,0,0,0,0,0,0,288.7,0,288.7,-0.2
263,Mathieu Perreault,WPG,C,77,16,23,39,-3,44,129,2,4,7,0,0,122,30,0,0,0,0,0,0,0,0,281.3,0,281.3,-0.2
267,Cale Makar,COL,D,75,8,31,39,14,28,119,2,3,10,0,0,73,86,0,0,0,0,0,0,0,0,274.7,0,274.7,0
#N/A,Evan Bouchard,EDM,D,74,8,31,39,-13,26,113,0,4,8,0,0,63,85,0,0,0,0,0,0,0,0,262.7,0,262.7,0
#N/A,Barrett Hayton,ARI,C,68,14,24,38,-9,52,92,3,5,7,0,0,83,54,0,0,0,0,0,0,0,0,253.2,0,253.2,0
290,Nick Suzuki,MON,C,70,12,26,38,4,22,128,2,4,8,0,0,49,33,0,0,0,0,0,0,0,0,248.6,0,248.6,0
295,Casey Mittelstadt,BUF,C,78,16,22,38,-11,16,153,2,4,10,0,0,37,21,0,0,0,0,0,0,0,0,261.8,0,261.8,-22
#N/A,Danton Heinen,BOS,C,71,15,23,38,4,20,122,1,2,4,0,0,44,30,0,0,0,0,0,0,0,0,240.6,0,240.6,-1.6
196,Aaron Ekblad,FLA,D,82,15,23,38,8,62,186,2,5,5,0,0,101,103,0,0,0,0,0,0,0,0,327.4,0,327.4,0
284,Samuel Girard,COL,D,82,6,32,38,10,10,139,0,2,14,0,0,71,95,0,0,0,0,0,0,0,0,284.9,0,284.9,0.2
#N/A,Derek Ryan,CGY,C,79,14,24,38,2,30,118,1,1,3,0,2,29,22,0,0,0,0,0,0,0,0,226.1,0,226.1,24.8
245,Zach Hyman,TOR,RW,75,16,22,38,13,48,145,2,0,0,1,1,91,37,0,0,0,0,0,0,0,0,269.4,0,269.4,-2.2
#N/A,Frans Nielsen,DET,C,77,15,23,38,-9,20,140,3,2,6,1,1,71,55,0,0,0,0,0,0,0,0,282.9,0,282.9,-4.6
246,Kyle Okposo,BUF,RW,77,15,23,38,-6,42,160,2,6,9,0,0,77,31,0,0,0,0,0,0,0,0,278.8,0,278.8,-1.6
273,Kevin Shattenkirk,TB,D,71,7,31,38,5,38,139,1,2,7,0,0,69,91,0,0,0,0,0,0,0,0,272.1,0,272.1,0
249,Kyle Turris,NSH,C,72,14,24,38,5,37,138,1,5,7,0,1,28,33,0,0,0,0,0,0,0,0,245.45,0,245.45,1.8
283,Artem Anisimov,OTT,C,76,19,19,38,-3,22,142,3,4,5,1,0,24,38,0,0,0,0,0,0,0,0,263.1,0,263.1,-12.4
233,Patrick Marleau,FA,LW,82,18,20,38,3,24,182,3,5,6,0,0,79,34,0,0,0,0,0,0,0,0,300.6,0,300.6,1
192,Justin Faulk,STL,D,80,13,25,38,7,50,219,3,5,6,0,0,141,116,0,0,0,0,0,0,0,0,368.4,0,368.4,0
236,Jake Muzzin,TOR,D,79,8,30,38,18,46,145,1,2,7,0,1,171,130,0,0,0,0,0,0,0,0,337.4,0,337.4,0
257,Ryan Strome,NYR,C,80,17,20,37,-2,52,137,2,3,5,0,0,63,30,0,0,0,0,0,0,0,0,252.7,0,252.7,-7.4
#N/A,Ilya Kovalchuk,LA,RW,67,18,19,37,-14,12,148,1,5,3,0,0,30,21,0,0,0,0,0,0,0,0,250.5,0,250.5,-0.8
260,Lars Eller,WAS,C,81,15,22,37,2,36,159,2,1,3,1,1,71,53,0,0,0,0,0,0,0,0,278.4,0,278.4,-4.6
293,Cody Eakin,VGK,C,79,17,20,37,14,18,114,2,1,4,2,1,79,41,0,0,0,0,0,0,0,0,264.6,0,264.6,3.6
#N/A,Filip Hronek,DET,D,76,8,29,37,-17,48,121,0,2,8,0,2,110,51,0,0,0,0,0,0,0,0,259,0,259,0
#N/A,Alex Iafallo,LA,C,81,16,21,37,-14,26,159,2,3,6,0,0,94,58,0,0,0,0,0,0,0,0,295.6,0,295.6,-2
#N/A,Nolan Patrick,PHI,C,74,15,22,37,-4,29,123,3,3,2,0,0,64,24,0,0,0,0,0,0,0,0,243.85,0,243.85,3.8
#N/A,Robert Thomas,STL,C,78,10,27,37,-2,16,123,0,4,5,0,0,14,25,0,0,0,0,0,0,0,0,215.6,0,215.6,-5.2
#N/A,Alexandre Texier,CLS,C,73,14,22,36,7,16,106,2,5,9,0,0,37,19,0,0,0,0,0,0,0,0,227.3,0,227.3,-0.2
#N/A,Joonas Donskoi,COL,RW,75,14,22,36,7,22,128,2,2,4,0,0,34,33,0,0,0,0,0,0,0,0,234.6,0,234.6,-1.6
264,Anthony Cirelli,TB,C,75,17,19,36,25,31,112,1,0,1,1,1,84,43,0,0,0,0,0,0,0,0,252.35,0,252.35,10.6
270,Kasperi Kapanen,TOR,RW,78,17,19,36,8,22,156,3,0,2,2,0,98,19,0,0,0,0,0,0,0,0,275.2,0,275.2,0
274,Jakub Vrana,WAS,RW,74,18,18,36,11,19,145,2,1,2,0,0,36,23,0,0,0,0,0,0,0,0,244.65,0,244.65,-0.4
231,Colton Parayko,STL,D,81,8,28,36,13,21,203,2,3,6,0,1,128,162,0,0,0,0,0,0,0,0,367.45,0,367.45,0
#N/A,Jimmy Vesey,BUF,LW,81,19,17,36,-10,24,157,3,3,4,0,0,78,39,0,0,0,0,0,0,0,0,282.2,0,282.2,-3.2
#N/A,Nick Leddy,NYI,D,81,8,28,36,4,18,133,1,2,10,0,0,83,98,0,0,0,0,0,0,0,0,282.2,0,282.2,0
#N/A,T.J. Brodie,CGY,D,80,8,28,36,6,30,112,1,1,6,0,1,32,100,0,0,0,0,0,0,0,0,246.3,0,246.3,-0.2
262,Alexander Edler,VAN,D,73,9,27,36,-8,64,155,2,1,8,0,0,144,181,0,0,0,0,0,0,0,0,348.6,0,348.6,0
#N/A,Duncan Keith,CHI,D,82,4,32,36,-3,40,156,1,1,5,0,0,33,138,0,0,0,0,0,0,0,0,274.2,0,274.2,0
289,Oscar Klefbom,EDM,D,76,9,27,36,-6,20,171,1,2,11,0,0,51,133,0,0,0,0,0,0,0,0,308.4,0,308.4,0
241,Boone Jenner,CLS,LW,79,15,21,36,5,40,188,3,1,1,1,1,191,77,0,0,0,0,0,0,0,0,348.9,0,348.9,19
#N/A,Alexander Wennberg,CLS,C,76,6,30,36,9,14,80,2,2,7,0,1,39,44,0,0,0,0,0,0,0,0,209.1,0,209.1,-4.4
294,Damon Severson,NJ,D,80,10,26,36,-8,54,133,1,2,8,0,0,91,86,0,0,0,0,0,0,0,0,272.4,0,272.4,0
186,Josh Anderson,CLS,RW,77,22,14,36,15,64,194,5,1,3,1,1,192,33,0,0,0,0,0,0,0,0,344.3,0,344.3,-2.8
269,Colin Miller,BUF,D,74,7,29,36,-5,52,142,1,4,12,0,0,133,68,0,0,0,0,0,0,0,0,285.2,0,285.2,0
248,Artturi Lehkonen,MON,LW,80,12,24,36,8,30,183,3,1,1,1,0,117,42,0,0,0,0,0,0,0,0,293.8,0,293.8,-1.8
288,Brett Pesce,CAR,D,76,8,27,35,26,26,126,1,0,0,0,1,58,139,0,0,0,0,0,0,0,0,274.2,0,274.2,0.2
#N/A,Mark Jankowski,CGY,C,77,15,20,35,8,22,109,2,1,0,3,1,33,54,0,0,0,0,0,0,0,0,237.2,0,237.2,6.4
#N/A,Ryan Murray,CLS,D,68,1,34,35,17,14,64,0,0,1,0,0,36,106,0,0,0,0,0,0,0,0,203.9,0,203.9,0
#N/A,Ondrej Palat,TB,LW,60,10,25,35,9,18,107,1,3,5,0,0,91,39,0,0,0,0,0,0,0,0,239.9,0,239.9,-2.6
#N/A,Mike Green,DET,D,67,11,24,35,-13,40,122,1,1,6,0,0,77,82,0,0,0,0,0,0,0,0,258.8,0,258.8,0
#N/A,Bobby Ryan,OTT,RW,68,13,22,35,-24,26,134,1,3,6,0,0,89,46,0,0,0,0,0,0,0,0,261.1,0,261.1,-2
#N/A,Michael Grabner,ARI,RW,69,22,13,35,-5,18,148,3,1,2,3,2,51,30,0,0,0,0,0,0,0,0,272.9,0,272.9,-0.4
#N/A,Valtteri Filppula,DET,C,78,13,22,35,-4,24,99,2,1,3,0,1,20,44,0,0,0,0,0,0,0,0,214.5,0,214.5,-3
#N/A,Mikkel Boedker,OTT,LW,72,10,25,35,-18,8,103,2,3,4,0,0,52,27,0,0,0,0,0,0,0,0,219.8,0,219.8,-0.8
259,Richard Panik,WAS,RW,77,15,20,35,4,48,147,2,3,3,0,0,140,47,0,0,0,0,0,0,0,0,286,0,286,-1.6
#N/A,Brett Connolly,FLA,RW,76,18,17,35,8,30,105,3,2,1,0,0,69,23,0,0,0,0,0,0,0,0,234.1,0,234.1,-2.6
#N/A,Bryan Rust,PIT,RW,68,16,19,35,9,22,129,3,1,1,2,1,108,46,0,0,0,0,0,0,0,0,276.2,0,276.2,-1.6
#N/A,Adrian Kempe,LA,C,81,15,20,35,-9,52,124,2,1,5,0,0,87,20,0,0,0,0,0,0,0,0,238.8,0,238.8,-21.8
#N/A,Adam Fox,NYR,D,76,7,28,35,6,32,119,1,2,8,0,0,97,104,0,0,0,0,0,0,0,0,273.3,0,273.3,0
#N/A,Drake Batherson,OTT,RW,72,11,24,35,-14,22,81,2,4,6,0,0,61,76,0,0,0,0,0,0,0,0,238.4,0,238.4,0.4
#N/A,Cody Glass,VGK,C,76,11,24,35,5,12,135,2,3,9,0,0,37,28,0,0,0,0,0,0,0,0,236.3,0,236.3,0
#N/A,Dominik Kahun,PIT,C,78,12,23,35,10,6,130,2,1,1,0,0,12,26,0,0,0,0,0,0,0,0,216.3,0,216.3,-3.4
#N/A,Anthony Beauvillier,NYI,LW,80,20,14,34,2,14,146,2,2,3,0,0,89,33,0,0,0,0,0,0,0,0,272.6,0,272.6,-1
297,Anthony DeAngelo,NYR,D,72,10,24,34,-11,60,139,1,2,9,0,0,55,79,0,0,0,0,0,0,0,0,251,0,251,0
296,Jaccob Slavin,CAR,D,82,9,25,34,5,16,163,1,5,4,0,1,67,146,0,0,0,0,0,0,0,0,310.3,0,310.3,-0.2
#N/A,Nick Bonino,NSH,C,80,16,18,34,19,20,110,1,3,1,0,0,28,71,0,0,0,0,0,0,0,0,236.7,0,236.7,8
#N/A,Derick Brassard,NYI,C,73,16,18,34,-9,34,157,1,3,3,0,0,98,20,0,0,0,0,0,0,0,0,261.2,0,261.2,-4.4
#N/A,Alex Goligoski,ARI,D,78,8,26,34,-10,24,119,1,2,8,0,1,100,153,0,0,0,0,0,0,0,0,302,0,302,0.2
#N/A,Victor Rask,MIN,C,71,14,20,34,2,13,135,2,3,6,0,0,54,25,0,0,0,0,0,0,0,0,241.35,0,241.35,-4.4
292,Radek Faksa,DAL,C,80,16,18,34,3,54,124,1,0,1,1,0,112,60,0,0,0,0,0,0,0,0,262.3,0,262.3,1.6
#N/A,Oliver Bjorkstrand,CLS,RW,73,16,18,34,3,10,151,2,1,3,0,1,44,40,0,0,0,0,0,0,0,0,254.6,0,254.6,-0.6
278,Nick Bjugstad,PIT,C,68,15,18,33,1,30,170,1,1,4,0,1,100,20,0,0,0,0,0,0,0,0,265.5,0,265.5,-1.2
#N/A,Cam Fowler,ANH,D,73,9,24,33,-2,30,138,2,3,9,1,1,32,109,0,0,0,0,0,0,0,0,265.8,0,265.8,0
#N/A,Justin Schultz,PIT,D,76,7,26,33,8,21,142,1,1,7,0,0,55,110,0,0,0,0,0,0,0,0,265.75,0,265.75,0
287,Brandon Pirri,VGK,C,64,20,12,32,8,20,145,3,5,3,0,0,52,24,0,0,0,0,0,0,0,0,250.3,0,250.3,-0.8
#N/A,Thomas Vanek,FA,LW,55,14,18,32,-7,22,102,1,3,7,0,0,30,9,0,0,0,0,0,0,0,0,198,0,198,-2.2
#N/A,Brent Seabrook,CHI,D,77,6,26,32,-1,40,146,0,1,5,0,0,112,169,0,0,0,0,0,0,0,0,306.3,0,306.3,0
272,Michael Frolik,CGY,LW,68,15,17,32,19,26,152,2,0,0,2,1,52,34,0,0,0,0,0,0,0,0,243.3,0,243.3,-2.4
#N/A,Will Butcher,NJ,D,79,4,28,32,-10,16,100,1,1,12,0,0,35,78,0,0,0,0,0,0,0,0,218,0,218,0
#N/A,Nate Schmidt,VGK,D,72,7,25,32,10,16,102,1,1,5,0,0,44,91,0,0,0,0,0,0,0,0,228.1,0,228.1,0
#N/A,J.T. Compher,COL,C,70,15,17,32,-5,32,127,3,4,4,2,0,40,64,0,0,0,0,0,0,0,0,247.5,0,247.5,-2
276,Sam Bennett,CGY,LW,79,15,17,32,-7,82,129,1,3,3,0,1,133,33,0,0,0,0,0,0,0,0,249.7,0,249.7,2
#N/A,Brandon Montour,BUF,D,76,8,24,32,-5,50,152,2,1,3,0,0,88,89,0,0,0,0,0,0,0,0,263.2,0,263.2,0
#N/A,Noah Hanifin,CGY,D,80,7,25,32,13,18,132,2,1,6,0,0,85,76,0,0,0,0,0,0,0,0,254.5,0,254.5,0
#N/A,Denis Malgin,FLA,C,76,15,17,32,-6,22,116,1,1,4,0,0,64,35,0,0,0,0,0,0,0,0,228.6,0,228.6,-4
#N/A,Lucas Wallmark,CAR,C,80,11,21,32,-5,32,135,2,2,6,0,0,84,36,0,0,0,0,0,0,0,0,241.1,0,241.1,4.2
#N/A,Jordan Greenway,MIN,LW,82,15,16,31,-8,36,143,1,1,2,0,0,69,47,0,0,0,0,0,0,0,0,241.6,0,241.6,-3.8
280,Nick Ritchie,ANH,LW,73,11,20,31,2,77,129,1,1,3,0,0,181,30,0,0,0,0,0,0,0,0,253.65,0,253.65,-0.8
#N/A,Jared McCann,PIT,C,75,14,17,31,3,29,145,2,1,1,2,0,63,40,0,0,0,0,0,0,0,0,241.45,0,241.45,-9
#N/A,Oskar Lindblom,PHI,LW,73,14,17,31,-5,19,152,2,1,1,0,0,65,45,0,0,0,0,0,0,0,0,246.75,0,246.75,-0.8
#N/A,Andre Burakovsky,COL,LW,78,14,17,31,6,22,113,3,2,1,0,0,42,31,0,0,0,0,0,0,0,0,213.3,0,213.3,-1.2
#N/A,Devin Shore,ANH,C,79,11,20,31,-17,14,103,2,2,3,1,0,76,63,0,0,0,0,0,0,0,0,235.9,0,235.9,-7.4
#N/A,Jean-Gabriel Pageau,OTT,C,80,13,18,31,-13,32,161,2,1,1,0,0,139,75,0,0,0,0,0,0,0,0,290.6,0,290.6,7.4
#N/A,Carl Hagelin,WAS,LW,72,12,19,31,8,30,137,1,0,1,0,1,99,34,0,0,0,0,0,0,0,0,239.6,0,239.6,-3
#N/A,Calle Jarnkrok,NSH,C,81,14,17,31,15,14,118,1,1,2,1,0,59,25,0,0,0,0,0,0,0,0,219.6,0,219.6,0.2
#N/A,Matt Niskanen,PHI,D,77,8,23,31,7,40,142,1,2,4,0,1,144,109,0,0,0,0,0,0,0,0,292.1,0,292.1,0
#N/A,Milan Lucic,CGY,LW,77,12,19,31,-10,82,117,1,1,3,0,0,231,19,0,0,0,0,0,0,0,0,262.9,0,262.9,1
#N/A,Jason Spezza,TOR,C,75,9,22,31,-14,23,133,2,3,10,0,0,15,29,0,0,0,0,0,0,0,0,209.25,0,209.25,26.6
#N/A,Andrew Cogliano,DAL,LW,80,10,21,31,9,29,145,1,0,0,1,2,74,31,0,0,0,0,0,0,0,0,231.35,0,231.35,-1.4
#N/A,Jason Pominville,FA,RW,75,15,16,31,-7,6,150,2,2,2,0,0,30,28,0,0,0,0,0,0,0,0,230.5,0,230.5,0.2
#N/A,Alex Chiasson,EDM,RW,75,17,14,31,2,36,109,1,4,4,1,1,78,30,0,0,0,0,0,0,0,0,232.7,0,232.7,-1.6
#N/A,Dmitry Orlov,WAS,D,82,6,24,30,11,33,114,1,0,3,0,0,131,106,0,0,0,0,0,0,0,0,261.15,0,261.15,0
#N/A,Sam Gagner,EDM,C,62,11,19,30,-8,26,135,1,3,8,0,0,36,17,0,0,0,0,0,0,0,0,208.9,0,208.9,0
291,Blake Coleman,NJ,C,80,15,15,30,-8,66,162,2,1,0,2,1,223,51,0,0,0,0,0,0,0,0,310.2,0,310.2,-8.8
#N/A,Brady Skjei,NYR,D,80,7,23,30,4,42,138,1,0,1,0,0,154,109,0,0,0,0,0,0,0,0,281.6,0,281.6,0.2
#N/A,Mike Matheson,FLA,D,80,9,21,30,-7,52,147,2,1,7,0,1,67,134,0,0,0,0,0,0,0,0,276.3,0,276.3,-0.2
#N/A,Hampus Lindholm,ANH,D,77,9,21,30,-2,40,131,1,3,6,0,0,90,122,0,0,0,0,0,0,0,0,271.5,0,271.5,0
#N/A,Colton Sissons,NSH,RW,78,13,17,30,14,28,116,3,1,3,0,2,123,55,0,0,0,0,0,0,0,0,257.7,0,257.7,9.8
#N/A,Filip Chytil,NYR,C,80,13,17,30,-8,12,159,2,4,6,0,0,33,21,0,0,0,0,0,0,0,0,230.2,0,230.2,-7.8
#N/A,Pavel Zacha,NJ,C,66,11,19,30,2,24,100,1,3,4,1,0,73,25,0,0,0,0,0,0,0,0,208.7,0,208.7,-3.2
281,Lawson Crouse,ARI,LW,80,12,18,30,6,72,137,2,0,0,1,0,291,41,0,0,0,0,0,0,0,0,307.4,0,307.4,-2
#N/A,Evan Rodrigues,BUF,C,75,9,21,30,-8,23,158,0,2,4,0,1,35,34,0,0,0,0,0,0,0,0,220.25,0,220.25,-9.4
#N/A,Tyson Jost,COL,C,74,13,17,30,3,20,125,3,5,3,0,0,51,38,0,0,0,0,0,0,0,0,226.9,0,226.9,-7.2
#N/A,Brett Howden,NYR,C,77,8,22,30,-5,18,96,1,1,4,0,0,76,58,0,0,0,0,0,0,0,0,215.9,0,215.9,-4.6
#N/A,Devon Toews,NYI,D,78,8,22,30,15,10,132,2,3,6,0,0,42,51,0,0,0,0,0,0,0,0,224.8,0,224.8,-0.2
#N/A,Oskar Sundqvist,STL,C,76,15,14,29,-5,23,141,2,2,2,0,0,99,29,0,0,0,0,0,0,0,0,243.85,0,243.85,-17.4
#N/A,Mathieu Joseph,TB,RW,79,13,16,29,4,31,112,1,0,0,0,1,146,16,0,0,0,0,0,0,0,0,231.65,0,231.65,-2.8
#N/A,Neal Pionk,WPG,D,76,6,23,29,-14,36,140,1,1,12,0,1,141,104,0,0,0,0,0,0,0,0,285.4,0,285.4,-0.2
266,Ryan Hartman,MIN,RW,78,13,16,29,3,74,155,2,1,1,0,0,109,36,0,0,0,0,0,0,0,0,239.6,0,239.6,-1.6
#N/A,Mattias Janmark,DAL,C,81,12,17,29,-2,24,117,2,1,1,1,1,23,43,0,0,0,0,0,0,0,0,204.2,0,204.2,-1.2
299,Tyler Myers,VAN,D,71,7,22,29,10,51,134,2,1,8,1,1,74,95,0,0,0,0,0,0,0,0,249.35,0,249.35,0
#N/A,Alec Martinez,LA,D,78,8,20,28,-6,28,115,1,1,7,0,0,109,185,0,0,0,0,0,0,0,0,296.6,0,296.6,0
#N/A,Nick Foligno,CLS,LW,76,10,18,28,2,50,152,1,3,4,0,0,171,55,0,0,0,0,0,0,0,0,272.4,0,272.4,6.2
#N/A,Marc-Edouard Vlasic,SJ,D,78,5,23,28,1,26,133,1,0,2,0,1,24,144,0,0,0,0,0,0,0,0,241.6,0,241.6,0
#N/A,Brock McGinn,CAR,LW,81,13,15,28,12,22,134,1,1,0,1,0,136,29,0,0,0,0,0,0,0,0,245.4,0,245.4,-1.8
#N/A,Adam Lowry,WPG,LW,74,13,15,28,4,34,114,2,2,1,1,1,193,48,0,0,0,0,0,0,0,0,270.7,0,270.7,34
#N/A,Alex True,SJ,LW,58,9,19,28,5,38,95,1,0,0,0,0,61,47,0,0,0,0,0,0,0,0,189.9,0,189.9,0
#N/A,Travis Sanheim,PHI,D,76,7,21,28,-6,23,112,1,1,2,0,0,41,104,0,0,0,0,0,0,0,0,221.65,0,221.65,0
#N/A,Jordan Oesterle,ARI,D,70,7,21,28,1,10,86,0,3,5,0,0,55,136,0,0,0,0,0,0,0,0,236.5,0,236.5,0
#N/A,Markus Nutivaara,CLS,D,79,6,22,28,7,10,95,1,0,0,0,0,78,57,0,0,0,0,0,0,0,0,202.7,0,202.7,0
#N/A,Henrik Borgstrom,FLA,C,77,12,16,28,-10,8,84,0,5,6,0,0,17,20,0,0,0,0,0,0,0,0,175.8,0,175.8,-15
#N/A,Christian Fischer,ARI,RW,76,13,15,28,-11,30,139,2,2,3,0,0,142,21,0,0,0,0,0,0,0,0,248.3,0,248.3,-0.6
#N/A,Sam Steel,ANH,C,74,11,16,27,7,28,161,0,0,0,4,0,32,22,0,0,0,0,0,0,0,0,208.3,0,208.3,-0.8
#N/A,Dylan Gambrell,SJ,C,79,14,13,27,8,22,159,2,2,2,0,0,105,61,0,0,0,0,0,0,0,0,263.5,0,263.5,0.2
#N/A,Josh Manson,ANH,D,79,6,21,27,2,70,108,0,0,0,0,1,192,88,0,0,0,0,0,0,0,0,252.3,0,252.3,0
#N/A,Sami Vatanen,NJ,D,71,4,23,27,-11,34,140,0,2,8,0,0,89,111,0,0,0,0,0,0,0,0,251.6,0,251.6,0
#N/A,Josh Leivo,VAN,LW,77,15,12,27,4,30,150,0,4,4,0,0,39,26,0,0,0,0,0,0,0,0,215.1,0,215.1,-2.2
#N/A,Joel Armia,MON,RW,68,13,14,27,2,20,136,2,2,5,1,0,129,30,0,0,0,0,0,0,0,0,249.6,0,249.6,-3.8
#N/A,Erik Johnson,COL,D,72,8,19,27,10,42,153,2,0,1,0,0,122,131,0,0,0,0,0,0,0,0,282.3,0,282.3,0
#N/A,Zack Kassian,EDM,RW,78,12,15,27,-4,100,108,1,0,1,0,1,171,20,0,0,0,0,0,0,0,0,217.4,0,217.4,-1.2
#N/A,Colin Wilson,COL,LW,63,10,16,26,-3,10,96,1,3,4,0,0,49,29,0,0,0,0,0,0,0,0,186.6,0,186.6,-2.4
#N/A,Trevor Lewis,LA,C,72,13,13,26,-8,23,138,2,0,0,1,0,133,34,0,0,0,0,0,0,0,0,243.45,0,243.45,-2
#N/A,Brandon Sutter,VAN,C,68,12,14,26,-10,11,122,1,1,1,0,1,69,39,0,0,0,0,0,0,0,0,213.35,0,213.35,-2.8
#N/A,Jujhar Khaira,EDM,C,73,8,18,26,-10,50,81,1,0,0,1,1,143,41,0,0,0,0,0,0,0,0,205.7,0,205.7,-3.2
#N/A,Adam Erne,DET,LW,78,12,14,26,-5,44,121,0,1,2,0,0,179,31,0,0,0,0,0,0,0,0,241.6,0,241.6,-0.2
#N/A,Jason Dickinson,DAL,C,75,7,19,26,11,29,106,1,0,0,0,0,116,58,0,0,0,0,0,0,0,0,215.15,0,215.15,-13.4
#N/A,Josh Archibald,EDM,RW,76,14,12,26,-8,26,111,2,0,0,0,0,175,39,0,0,0,0,0,0,0,0,248.5,0,248.5,-2.6
#N/A,Austin Wagner,LA,LW,75,15,11,26,2,19,92,1,0,0,0,0,172,11,0,0,0,0,0,0,0,0,225.55,0,225.55,-0.4
#N/A,Daniel Sprong,ANH,RW,71,16,10,26,-16,10,145,2,2,3,0,0,43,17,0,0,0,0,0,0,0,0,214.7,0,214.7,-1.2
#N/A,Troy Terry,ANH,C,72,7,19,26,19,3,58,0,3,7,0,0,7,29,0,0,0,0,0,0,0,0,147.55,0,147.55,-0.6
#N/A,Michael Rasmussen,DET,C,75,10,15,25,-5,37,96,1,4,2,0,0,102,34,0,0,0,0,0,0,0,0,199.55,0,199.55,-3.6
#N/A,Martin Necas,CAR,C,53,7,18,25,4,12,64,2,2,5,0,0,25,14,0,0,0,0,0,0,0,0,146,0,146,-2.4
#N/A,Ilya Mikheyev,TOR,RW,68,11,14,25,8,22,121,1,2,1,0,0,61,49,0,0,0,0,0,0,0,0,205.9,0,205.9,0
#N/A,Sean Kuraly,BOS,C,69,12,13,25,5,46,133,2,0,0,1,1,122,30,0,0,0,0,0,0,0,0,225.8,0,225.8,8.2
#N/A,Rasmus Andersson,CGY,D,80,3,22,25,19,26,116,1,1,4,0,0,56,88,0,0,0,0,0,0,0,0,205.9,0,205.9,0
282,Miles Wood,NJ,LW,67,12,13,25,-5,94,152,1,2,2,0,0,102,36,0,0,0,0,0,0,0,0,216.3,0,216.3,-0.4
#N/A,Andrew Copp,WPG,C,73,10,15,25,17,11,101,1,0,0,1,0,84,39,0,0,0,0,0,0,0,0,199.85,0,199.85,7.6
#N/A,Brendan Perlini,CHI,LW,66,15,10,25,-11,26,116,1,3,3,0,0,60,25,0,0,0,0,0,0,0,0,201,0,201,-1
300,Antoine Roussel,VAN,LW,68,8,17,25,0,134,92,1,0,1,0,1,86,52,0,0,0,0,0,0,0,0,168.9,0,168.9,0
#N/A,Jesper Fast,NYR,RW,66,10,15,25,2,23,85,1,0,0,0,1,120,44,0,0,0,0,0,0,0,0,205.75,0,205.75,-1.2
#N/A,Leo Komarov,NYI,LW,82,7,18,25,11,38,102,1,0,0,1,0,216,46,0,0,0,0,0,0,0,0,243.9,0,243.9,-3.2
#N/A,Markus Granlund,EDM,C,74,14,11,25,-9,18,139,1,2,2,1,0,48,19,0,0,0,0,0,0,0,0,204.7,0,204.7,-10
#N/A,Andrew Ladd,NYI,LW,72,10,15,25,6,26,109,1,1,1,1,1,79,38,0,0,0,0,0,0,0,0,201.6,0,201.6,-0.2
#N/A,Niklas Kronwall,FA,D,74,3,21,24,-9,38,73,0,1,6,0,0,81,97,0,0,0,0,0,0,0,0,192.9,0,192.9,0
#N/A,Brian Boyle,FA,C,72,15,9,24,-7,42,122,3,6,2,0,0,132,40,0,0,0,0,0,0,0,0,239.3,0,239.3,1.4
#N/A,Brad Richardson,ARI,C,68,12,12,24,4,26,135,2,0,0,2,2,67,56,0,0,0,0,0,0,0,0,223.8,0,223.8,20.6
#N/A,Matt Calvert,COL,LW,71,10,14,24,-9,46,121,0,1,1,1,1,107,54,0,0,0,0,0,0,0,0,216.8,0,216.8,-2.4
#N/A,Tomas Jurco,EDM,RW,62,11,13,24,4,24,87,2,0,0,0,0,45,19,0,0,0,0,0,0,0,0,163,0,163,0
#N/A,Scott Laughton,PHI,C,76,9,15,24,-9,45,129,0,0,0,0,1,127,35,0,0,0,0,0,0,0,0,213.55,0,213.55,10.6
#N/A,Ben Chiarot,MON,D,80,6,18,24,12,58,124,1,0,0,0,0,168,132,0,0,0,0,0,0,0,0,266.7,0,266.7,0
#N/A,Andrew Mangiapane,CGY,LW,68,14,10,24,19,20,100,1,0,0,0,0,67,28,0,0,0,0,0,0,0,0,187.8,0,187.8,0.6
#N/A,Austin Czarnik,CGY,C,65,6,18,24,1,10,86,1,1,5,0,0,18,28,0,0,0,0,0,0,0,0,153.7,0,153.7,-0.8
#N/A,Jakob Chychrun,ARI,D,66,6,18,24,-8,36,134,0,4,7,0,0,97,91,0,0,0,0,0,0,0,0,237.3,0,237.3,0
#N/A,Luke Kunin,MIN,C,67,8,16,24,-4,38,120,2,1,2,0,0,98,43,0,0,0,0,0,0,0,0,206.2,0,206.2,-4.8
#N/A,Anton Wedin,CHI,LW,51,7,17,24,-5,10,75,2,2,4,0,0,40,28,0,0,0,0,0,0,0,0,161,0,161,0
#N/A,Conor Garland,ARI,RW,62,15,8,23,3,16,136,2,3,3,0,0,39,19,0,0,0,0,0,0,0,0,198.1,0,198.1,0.4
#N/A,Jack Roslovic,WPG,RW,74,10,13,23,2,5,91,0,1,2,0,0,34,21,0,0,0,0,0,0,0,0,160.35,0,160.35,-5.4
#N/A,Sami Niku,WPG,D,68,9,14,23,0,14,45,0,1,3,0,0,51,72,0,0,0,0,0,0,0,0,166.4,0,166.4,0
#N/A,Dylan DeMelo,OTT,D,76,2,21,23,-5,36,97,0,0,2,0,0,108,109,0,0,0,0,0,0,0,0,212.2,0,212.2,0
#N/A,Marcus Pettersson,PIT,D,78,3,20,23,16,56,78,0,1,4,0,1,90,100,0,0,0,0,0,0,0,0,193,0,193,0.2
#N/A,Jordan Martinook,CAR,LW,81,11,12,23,4,42,132,3,0,0,1,1,168,45,0,0,0,0,0,0,0,0,246.2,0,246.2,-8.2
#N/A,Colton Sceviour,FLA,RW,77,9,14,23,3,22,152,1,0,1,1,1,99,67,0,0,0,0,0,0,0,0,237.6,0,237.6,-6.4
#N/A,Jason Demers,ARI,D,71,7,16,23,8,45,97,2,0,4,0,0,73,79,0,0,0,0,0,0,0,0,196.95,0,196.95,0
#N/A,Loui Eriksson,VAN,RW,58,10,13,23,-5,11,95,1,1,1,0,1,5,24,0,0,0,0,0,0,0,0,153.75,0,153.75,-0.4
#N/A,Blake Comeau,DAL,LW,78,9,13,22,-5,48,110,2,0,0,1,0,172,36,0,0,0,0,0,0,0,0,219.8,0,219.8,-1.4
#N/A,Justin Abdelkader,DET,LW,63,8,14,22,-10,48,91,1,2,3,0,0,154,31,0,0,0,0,0,0,0,0,199.6,0,199.6,0.2
#N/A,Anton Stralman,FLA,D,75,4,18,22,5,16,115,0,0,1,0,0,98,101,0,0,0,0,0,0,0,0,218.2,0,218.2,0
#N/A,Troy Brouwer,FA,RW,74,10,12,22,-7,45,83,1,0,0,0,1,156,39,0,0,0,0,0,0,0,0,202.15,0,202.15,-2.6
#N/A,Zack Smith,CHI,C,67,7,15,22,3,68,103,1,0,1,1,1,121,28,0,0,0,0,0,0,0,0,183.9,0,183.9,-2.8
#N/A,Darren Helm,DET,C,64,9,13,22,-7,27,117,0,0,0,1,2,83,28,0,0,0,0,0,0,0,0,188.95,0,188.95,-0.8
#N/A,Tyler Ennis,OTT,LW,62,13,9,22,-14,12,105,2,2,2,0,0,51,23,0,0,0,0,0,0,0,0,181.4,0,181.4,0.2
#N/A,David Savard,CLS,D,80,6,16,22,20,35,129,0,0,0,0,1,131,129,0,0,0,0,0,0,0,0,252.65,0,252.65,0
#N/A,Riley Sheahan,EDM,C,81,8,14,22,-5,13,109,1,0,0,0,1,67,45,0,0,0,0,0,0,0,0,186.55,0,186.55,6.4
#N/A,Casey Cizikas,NYI,C,69,9,13,22,15,32,95,1,0,0,1,0,122,63,0,0,0,0,0,0,0,0,207.8,0,207.8,-3.8
#N/A,Marcus Foligno,MIN,LW,80,9,13,22,0,65,90,1,0,1,0,0,194,46,0,0,0,0,0,0,0,0,216.35,0,216.35,-0.4
#N/A,Patrick Maroon,TB,LW,75,7,15,22,8,81,81,1,0,0,0,0,164,18,0,0,0,0,0,0,0,0,176.85,0,176.85,-0.2
#N/A,Olli Maatta,CHI,D,66,4,18,22,-4,20,112,1,0,3,0,0,112,131,0,0,0,0,0,0,0,0,240.3,0,240.3,0
#N/A,Zachary Sanford,STL,LW,77,9,13,22,9,25,94,2,0,1,0,0,56,44,0,0,0,0,0,0,0,0,174.15,0,174.15,0
#N/A,Tobias Rieder,CGY,RW,73,10,12,22,-6,8,112,0,1,2,0,0,71,49,0,0,0,0,0,0,0,0,195.9,0,195.9,-3
#N/A,Jake Virtanen,VAN,LW,73,12,10,22,-6,44,142,1,1,0,0,0,155,34,0,0,0,0,0,0,0,0,232,0,232,-1
#N/A,Brett Kulak,MON,D,76,7,15,22,14,38,128,2,0,0,0,0,124,81,0,0,0,0,0,0,0,0,228.6,0,228.6,0
#N/A,Matt Benning,EDM,D,72,5,17,22,9,42,99,1,0,2,0,1,128,71,0,0,0,0,0,0,0,0,207.7,0,207.7,0
#N/A,Carl Grundstrom,LA,LW,48,11,11,22,-13,21,83,2,2,3,0,0,122,9,0,0,0,0,0,0,0,0,186.55,0,186.55,0
#N/A,Matt Roy,LA,D,75,6,16,22,-5,28,103,5,0,0,0,0,117,141,0,0,0,0,0,0,0,0,249.8,0,249.8,0
#N/A,David Kampf,CHI,RW,66,4,17,21,-4,16,79,0,0,0,0,0,43,33,0,0,0,0,0,0,0,0,140.2,0,140.2,-11.4
#N/A,Brandon Tanev,PIT,LW,68,10,11,21,7,30,96,1,0,0,2,0,217,62,0,0,0,0,0,0,0,0,247.3,0,247.3,-0.4
#N/A,Drake Caggiula,CHI,LW,58,11,10,21,-6,29,91,2,1,1,1,0,141,28,0,0,0,0,0,0,0,0,201.65,0,201.65,-2.2
#N/A,Robby Fabbri,STL,LW,52,8,13,21,-12,18,88,1,2,1,0,0,57,13,0,0,0,0,0,0,0,0,152.8,0,152.8,-1.2
#N/A,Josh Ho-Sang,NYI,RW,36,5,16,21,3,14,48,1,1,5,0,0,8,7,0,0,0,0,0,0,0,0,108.2,0,108.2,0
#N/A,Ben Hutton,LA,D,72,5,16,21,-14,44,121,1,1,8,0,1,58,107,0,0,0,0,0,0,0,0,212.2,0,212.2,0
#N/A,Cody Ceci,TOR,D,78,5,16,21,11,16,138,1,0,2,0,0,133,156,0,0,0,0,0,0,0,0,273.2,0,273.2,0
#N/A,Adam Pelech,NYI,D,78,4,17,21,18,26,108,0,0,0,0,0,131,127,0,0,0,0,0,0,0,0,234.4,0,234.4,0
#N/A,Teddy Blueger,PIT,C,72,11,10,21,19,38,137,1,0,0,1,1,134,36,0,0,0,0,0,0,0,0,221.6,0,221.6,-2
#N/A,Jonas Brodin,MIN,D,77,5,16,21,2,28,98,2,0,2,0,0,55,138,0,0,0,0,0,0,0,0,212,0,212,0
#N/A,Tyler Pitlick,PHI,C,68,12,9,21,2,20,111,1,0,0,0,0,122,43,0,0,0,0,0,0,0,0,209.8,0,209.8,-0.4
#N/A,Justin Braun,PHI,D,80,3,18,21,-4,31,107,0,0,0,0,0,132,139,0,0,0,0,0,0,0,0,237.05,0,237.05,0
#N/A,Riley Nash,CLS,C,78,6,15,21,2,18,85,1,0,0,0,0,77,50,0,0,0,0,0,0,0,0,170.8,0,170.8,-6.6
#N/A,David Backes,BOS,RW,62,9,12,21,-1,40,100,0,1,1,0,0,79,16,0,0,0,0,0,0,0,0,162.6,0,162.6,8.6
#N/A,Andy Greene,NJ,D,82,4,16,20,-4,19,101,0,0,1,0,2,74,193,0,0,0,0,0,0,0,0,244.85,0,244.85,0
#N/A,Cal Clutterbuck,NYI,RW,74,8,12,20,4,46,98,1,2,0,0,0,216,46,0,0,0,0,0,0,0,0,226.9,0,226.9,-0.8
#N/A,Brenden Dillon,SJ,D,81,3,17,20,6,60,80,0,0,0,0,0,195,89,0,0,0,0,0,0,0,0,213.5,0,213.5,0
#N/A,Austin Watson,NSH,LW,75,10,10,20,10,102,93,1,0,0,1,1,182,67,0,0,0,0,0,0,0,0,213.3,0,213.3,-0.4
#N/A,Radko Gudas,WAS,D,73,4,16,20,4,76,134,0,0,0,0,0,230,128,0,0,0,0,0,0,0,0,272,0,272,0
#N/A,Michael Raffl,PHI,LW,77,10,10,20,1,32,86,2,0,0,0,0,107,40,0,0,0,0,0,0,0,0,181.8,0,181.8,-1.2
#N/A,Tomas Nosek,VGK,LW,70,9,11,20,-7,16,118,0,0,2,1,0,77,25,0,0,0,0,0,0,0,0,180.3,0,180.3,6.4
#N/A,Marcus Sorensen,SJ,RW,77,12,8,20,4,20,146,1,0,0,0,0,78,30,0,0,0,0,0,0,0,0,200.2,0,200.2,-1.4
#N/A,Mason Appleton,WPG,C,67,6,13,19,17,7,81,1,0,0,0,0,52,22,0,0,0,0,0,0,0,0,141.55,0,141.55,-0.2
#N/A,Ivan Barbashev,STL,LW,61,10,9,19,-1,9,47,1,0,0,1,0,70,26,0,0,0,0,0,0,0,0,143.25,0,143.25,-7.8
#N/A,Nic Dowd,WAS,C,72,7,12,19,-2,28,73,1,0,1,0,0,117,39,0,0,0,0,0,0,0,0,169.8,0,169.8,3.6
#N/A,Troy Stecher,VAN,D,73,2,17,19,-2,32,105,0,0,3,0,0,90,83,0,0,0,0,0,0,0,0,186,0,186,0
#N/A,Nikita Zaitsev,OTT,D,77,4,15,19,-1,28,75,0,0,2,0,0,143,148,0,0,0,0,0,0,0,0,228.7,0,228.7,0
#N/A,Tim Heed,SJ,D,51,4,15,19,8,13,70,2,1,1,0,0,19,51,0,0,0,0,0,0,0,0,135.85,0,135.85,0
#N/A,Michal Kempny,WAS,D,72,5,14,19,19,48,109,1,0,0,0,0,86,119,0,0,0,0,0,0,0,0,205.4,0,205.4,0
#N/A,Dominik Simon,PIT,C,66,8,11,19,6,21,101,0,0,0,0,0,80,23,0,0,0,0,0,0,0,0,161.75,0,161.75,-1.4
#N/A,Matt Grzelcyk,BOS,D,72,3,16,19,16,55,99,0,0,4,0,0,51,59,0,0,0,0,0,0,0,0,152.65,0,152.65,0
#N/A,Adam Larsson,EDM,D,80,4,15,19,-14,40,109,1,0,0,0,0,255,141,0,0,0,0,0,0,0,0,284,0,284,0
#N/A,Brian Dumoulin,PIT,D,76,3,16,19,12,22,96,0,0,1,0,2,121,124,0,0,0,0,0,0,0,0,220.9,0,220.9,0
#N/A,Deryk Engelland,VGK,D,77,4,14,18,1,22,106,1,0,0,0,0,153,151,0,0,0,0,0,0,0,0,248.2,0,248.2,0
#N/A,Zdeno Chara,BOS,D,69,5,13,18,11,38,108,0,0,3,0,0,100,102,0,0,0,0,0,0,0,0,202.5,0,202.5,0
#N/A,Nathan Beaulieu,WPG,D,68,4,14,18,-2,47,88,0,0,4,0,0,67,74,0,0,0,0,0,0,0,0,162.05,0,162.05,0
#N/A,Oscar Lindberg,FA,C,58,9,9,18,2,26,84,0,0,1,0,0,88,28,0,0,0,0,0,0,0,0,157.7,0,157.7,-4.2
#N/A,Jordie Benn,VAN,D,78,4,14,18,5,35,93,1,0,0,0,0,100,140,0,0,0,0,0,0,0,0,211.75,0,211.75,0
#N/A,Chris Wagner,BOS,RW,77,10,8,18,-2,44,111,0,0,0,0,0,244,43,0,0,0,0,0,0,0,0,237.6,0,237.6,-2.4
#N/A,Scott Mayfield,NYI,D,76,4,14,18,14,64,100,0,0,0,0,0,114,139,0,0,0,0,0,0,0,0,211.1,0,211.1,-0.2
#N/A,Nick Cousins,MON,C,58,7,11,18,2,26,98,1,1,1,0,0,83,33,0,0,0,0,0,0,0,0,164.2,0,164.2,-6.8
#N/A,Brendan Leipsic,WAS,LW,68,7,11,18,-6,23,105,0,0,0,0,1,52,29,0,0,0,0,0,0,0,0,152.05,0,152.05,0.2
#N/A,Noel Acciari,FLA,C,76,8,10,18,-4,42,93,2,0,0,0,0,233,44,0,0,0,0,0,0,0,0,225.2,0,225.2,-0.6
#N/A,Alexander Nylander,CHI,RW,42,7,11,18,-5,12,55,0,1,2,0,0,5,5,0,0,0,0,0,0,0,0,100,0,100,0.2
#N/A,Victor Mete,MON,D,72,2,16,18,14,8,69,0,0,2,0,0,24,99,0,0,0,0,0,0,0,0,151.6,0,151.6,0
#N/A,Barclay Goodrow,SJ,LW,74,8,10,18,2,61,98,2,0,0,1,0,112,56,0,0,0,0,0,0,0,0,182.55,0,182.55,8.2
#N/A,MacKenzie Weegar,FLA,D,72,5,13,18,1,68,98,1,0,2,0,0,138,115,0,0,0,0,0,0,0,0,212.7,0,212.7,0.2
#N/A,Melker Karlsson,SJ,C,74,10,8,18,-1,25,77,1,0,0,1,0,72,54,0,0,0,0,0,0,0,0,166.05,0,166.05,0.6
#N/A,Jayce Hawryluk,FLA,C,58,10,8,18,-5,23,62,0,0,2,0,0,140,34,0,0,0,0,0,0,0,0,174.25,0,174.25,1.8
#N/A,Ryan Carpenter,CHI,C,69,6,12,18,-3,10,99,1,0,0,1,0,122,14,0,0,0,0,0,0,0,0,172.8,0,172.8,3.2
#N/A,Maxime Comtois,ANH,LW,60,12,6,18,18,42,144,0,0,0,0,0,162,18,0,0,0,0,0,0,0,0,213.3,0,213.3,0
#N/A,Calle Rosen,COL,D,47,2,16,18,4,14,58,0,0,4,0,0,16,21,0,0,0,0,0,0,0,0,104.4,0,104.4,0
#N/A,Sean Walker,LA,D,73,5,13,18,-15,15,103,0,2,0,0,0,80,75,0,0,0,0,0,0,0,0,183.25,0,183.25,0
#N/A,Max Veronneau,OTT,RW,46,6,12,18,-14,8,61,0,2,3,0,0,27,20,0,0,0,0,0,0,0,0,120.3,0,120.3,0
#N/A,Noah Dobson,NYI,D,53,4,14,18,6,32,0,0,1,4,0,0,66,49,0,0,0,0,0,0,0,0,109.9,0,109.9,0
#N/A,Lukas Radil,SJ,LW,71,9,8,17,11,12,91,2,0,0,0,0,57,18,0,0,0,0,0,0,0,0,147.3,0,147.3,0.6
#N/A,Kristian Vesalainen,WPG,LW,61,4,13,17,0,0,81,0,0,0,0,0,45,33,0,0,0,0,0,0,0,0,134,0,134,0
#N/A,Radim Simek,SJ,D,78,2,15,17,13,15,78,0,2,3,0,0,127,65,0,0,0,0,0,0,0,0,178.55,0,178.55,0
#N/A,Warren Foegele,CAR,LW,75,11,6,17,-14,22,111,2,0,0,0,0,131,22,0,0,0,0,0,0,0,0,190.4,0,190.4,-0.2
#N/A,Pierre-Edouard Bellemare,COL,C,77,6,11,17,3,12,100,0,0,0,1,0,62,60,0,0,0,0,0,0,0,0,166.8,0,166.8,13.6
#N/A,Christian Djoos,WAS,D,71,3,14,17,15,8,60,0,0,0,0,0,27,53,0,0,0,0,0,0,0,0,122.3,0,122.3,0
#N/A,Nick Jensen,WAS,D,74,2,15,17,-2,21,92,0,0,0,0,1,73,89,0,0,0,0,0,0,0,0,171.45,0,171.45,0
#N/A,Danny DeKeyser,DET,D,63,5,12,17,3,34,62,2,0,0,0,0,77,120,0,0,0,0,0,0,0,0,178.3,0,178.3,0
#N/A,Pontus Aberg,TOR,LW,48,7,10,17,-4,13,72,2,1,2,0,0,30,8,0,0,0,0,0,0,0,0,120.75,0,120.75,-3
#N/A,Madison Bowey,DET,D,69,3,14,17,-6,52,67,1,0,2,0,0,86,76,0,0,0,0,0,0,0,0,153.9,0,153.9,0
#N/A,Ryan Reaves,VGK,RW,80,7,10,17,2,86,78,1,2,1,0,0,281,25,0,0,0,0,0,0,0,0,212.4,0,212.4,-2.8
#N/A,Kris Russell,EDM,D,75,3,14,17,2,21,68,0,0,1,0,0,91,210,0,0,0,0,0,0,0,0,228.15,0,228.15,0
#N/A,Derek Forbort,LA,D,80,2,15,17,-11,51,81,0,0,0,0,0,133,149,0,0,0,0,0,0,0,0,210.45,0,210.45,-0.2
#N/A,Vladimir Sobotka,BUF,C,59,6,11,17,-11,29,79,1,0,1,0,0,83,29,0,0,0,0,0,0,0,0,145.95,0,145.95,4.6
#N/A,Nick Holden,VGK,D,75,4,13,17,7,16,82,0,0,0,0,1,138,87,0,0,0,0,0,0,0,0,196.7,0,196.7,0
#N/A,Travis Hamonic,CGY,D,76,4,13,17,17,62,125,0,0,0,0,1,69,158,0,0,0,0,0,0,0,0,214.6,0,214.6,-0.2
#N/A,Magnus Paajarvi,FA,LW,76,10,7,17,-9,9,117,1,0,0,0,0,77,52,0,0,0,0,0,0,0,0,186.05,0,186.05,-0.4
#N/A,Jay Beagle,VAN,C,61,5,11,16,2,16,56,2,0,0,2,0,72,35,0,0,0,0,0,0,0,0,136.3,0,136.3,18.8
#N/A,Calvin de Haan,CHI,D,67,2,14,16,5,18,103,0,0,0,0,0,143,124,0,0,0,0,0,0,0,0,218.2,0,218.2,-0.2
#N/A,Brandon Dubinsky,CLS,C,64,7,9,16,-11,34,82,0,0,0,1,1,146,40,0,0,0,0,0,0,0,0,176.9,0,176.9,21.2
#N/A,Johan Larsson,BUF,C,75,6,10,16,-18,42,83,0,0,0,1,0,108,45,0,0,0,0,0,0,0,0,158.7,0,158.7,2.6
#N/A,Jon Merrill,VGK,D,62,3,13,16,18,55,74,1,0,0,0,0,74,79,0,0,0,0,0,0,0,0,148.35,0,148.35,0
#N/A,Scott Harrington,CLS,D,76,3,13,16,5,24,59,0,0,0,0,0,78,90,0,0,0,0,0,0,0,0,153.7,0,153.7,0
#N/A,Connor Murphy,CHI,D,70,3,13,16,14,42,103,1,0,0,0,0,142,106,0,0,0,0,0,0,0,0,206.8,0,206.8,0
#N/A,Rocco Grimaldi,NSH,C,54,6,10,16,2,10,82,0,0,0,0,0,32,24,0,0,0,0,0,0,0,0,123.3,0,123.3,0.2
#N/A,Cory Conacher,TB,LW,55,9,7,16,0,35,122,1,0,0,0,0,40,20,0,0,0,0,0,0,0,0,146.25,0,146.25,0
#N/A,Nikita Zadorov,COL,D,73,6,10,16,16,96,96,0,0,0,0,0,249,84,0,0,0,0,0,0,0,0,225.6,0,225.6,0
#N/A,Zemgus Girgensons,BUF,C,73,6,10,16,-11,20,98,0,0,0,1,0,138,29,0,0,0,0,0,0,0,0,175.7,0,175.7,-2.6
#N/A,Travis Dermott,TOR,D,53,3,13,16,3,16,80,0,0,0,0,0,79,49,0,0,0,0,0,0,0,0,146.1,0,146.1,0
#N/A,Erik Cernak,TB,D,58,5,11,16,25,58,107,1,1,0,0,0,198,79,0,0,0,0,0,0,0,0,218.7,0,218.7,0
#N/A,Dante Fabbro,NSH,D,36,3,13,16,3,16,41,1,1,4,0,0,27,54,0,0,0,0,0,0,0,0,115.3,0,115.3,0
#N/A,Trevor van Riemsdyk,CAR,D,78,3,13,16,5,18,104,1,0,0,0,0,34,102,0,0,0,0,0,0,0,0,168.1,0,168.1,0
#N/A,Rudolfs Balcers,OTT,LW,41,6,10,16,-8,11,55,1,3,1,0,0,21,27,0,0,0,0,0,0,0,0,112.65,0,112.65,-1
#N/A,Zach Aston-Reese,PIT,C,64,7,9,16,16,32,89,0,0,0,0,0,210,50,0,0,0,0,0,0,0,0,207.5,0,207.5,-0.4
#N/A,Antti Suomela,SJ,C,71,7,9,16,1,11,115,0,0,0,0,0,27,28,0,0,0,0,0,0,0,0,141.55,0,141.55,-5
#N/A,Kailer Yamamoto,EDM,LW,66,4,11,15,-19,13,70,0,0,4,0,0,62,36,0,0,0,0,0,0,0,0,131.55,0,131.55,0
#N/A,Garnet Hathaway,WAS,RW,60,7,8,15,7,65,81,0,0,0,1,0,155,30,0,0,0,0,0,0,0,0,162.25,0,162.25,-0.2
#N/A,Nicolas Aube-Kubel,PHI,C,39,5,10,15,4,33,91,1,0,0,0,0,60,26,0,0,0,0,0,0,0,0,131.25,0,131.25,0
#N/A,Oliver Kylington,CGY,D,74,5,10,15,6,18,58,2,0,0,0,0,23,81,0,0,0,0,0,0,0,0,133.2,0,133.2,0
#N/A,Brad Hunt,MIN,D,42,5,10,15,-3,7,74,0,3,7,0,0,17,29,0,0,0,0,0,0,0,0,121.55,0,121.55,0
#N/A,Luke Glendening,DET,RW,51,7,8,15,2,14,66,1,0,0,1,1,116,62,0,0,0,0,0,0,0,0,171.9,0,171.9,26.8
#N/A,Matt Nieto,COL,LW,51,7,8,15,3,9,65,1,0,0,1,1,31,30,0,0,0,0,0,0,0,0,122.65,0,122.65,0.2
#N/A,Jamie Oleksiak,DAL,D,64,5,10,15,6,65,73,1,0,0,0,0,153,66,0,0,0,0,0,0,0,0,171.45,0,171.45,0
#N/A,Jay Bouwmeester,STL,D,77,2,13,15,2,35,89,0,0,0,0,0,61,120,0,0,0,0,0,0,0,0,169.15,0,169.15,0
#N/A,Dion Phaneuf,FA,D,74,3,12,15,-11,51,114,0,1,3,0,0,137,92,0,0,0,0,0,0,0,0,200.05,0,200.05,0
#N/A,Brayden McNabb,VGK,D,79,4,11,15,18,52,82,1,0,0,0,0,211,156,0,0,0,0,0,0,0,0,245.4,0,245.4,0
#N/A,Kyle Clifford,LA,LW,71,8,7,15,2,94,119,1,0,0,0,0,121,22,0,0,0,0,0,0,0,0,158.4,0,158.4,-0.4
#N/A,Ron Hainsey,OTT,D,80,3,11,14,-14,22,74,1,0,0,1,1,92,150,0,0,0,0,0,0,0,0,197.3,0,197.3,0.2
#N/A,Jack Johnson,PIT,D,70,3,11,14,1,29,81,1,1,1,0,1,139,123,0,0,0,0,0,0,0,0,204.35,0,204.35,0
#N/A,Andrej Sekera,DAL,D,45,3,11,14,5,6,54,0,0,2,0,0,30,47,0,0,0,0,0,0,0,0,111,0,111,0
#N/A,Mark Pysyk,FLA,D,79,2,12,14,-3,22,85,0,0,0,0,0,129,106,0,0,0,0,0,0,0,0,187.6,0,187.6,0
#N/A,Steve Santini,NSH,D,74,4,10,14,4,33,104,0,0,0,0,0,180,101,0,0,0,0,0,0,0,0,216.25,0,216.25,0
#N/A,Max Jones,ANH,LW,66,6,8,14,-5,30,127,5,0,5,0,0,66,11,0,0,0,0,0,0,0,0,156.9,0,156.9,-0.2
#N/A,Dryden Hunt,FLA,LW,44,5,9,14,-4,13,83,0,0,0,0,0,92,14,0,0,0,0,0,0,0,0,134.05,0,134.05,-0.6
#N/A,Cedric Paquette,TB,C,77,9,5,14,0,76,86,1,0,0,1,0,217,55,0,0,0,0,0,0,0,0,202.3,0,202.3,8
#N/A,Michael Dal Colle,NYI,LW,44,6,8,14,6,3,51,3,0,0,0,0,15,12,0,0,0,0,0,0,0,0,96.75,0,96.75,-0.2
#N/A,Michael Amadio,LA,C,44,6,8,14,-1,8,36,0,0,1,0,0,19,12,0,0,0,0,0,0,0,0,84.6,0,84.6,-6.2
#N/A,Dylan Sikura,CHI,LW,39,2,12,14,3,2,63,0,0,0,0,0,5,13,0,0,0,0,0,0,0,0,85.5,0,85.5,-1
#N/A,Matt Luff,LA,RW,38,9,4,13,-2,11,52,2,1,0,0,0,20,21,0,0,0,0,0,0,0,0,103.75,0,103.75,-0.4
#N/A,Taro Hirose,DET,LW,25,2,11,13,-2,6,35,1,1,3,0,0,4,20,0,0,0,0,0,0,0,0,76.6,0,76.6,0.2
#N/A,Denis Gurianov,DAL,RW,61,5,8,13,-8,0,85,0,1,5,0,0,66,33,0,0,0,0,0,0,0,0,140.4,0,140.4,0
#N/A,Carter Verhaeghe,TB,C,51,7,6,13,10,44,138,0,0,0,0,0,63,46,0,0,0,0,0,0,0,0,159.2,0,159.2,0
#N/A,Valeri Nichushkin,COL,LW,49,4,9,13,-4,0,56,0,0,0,0,0,61,27,0,0,0,0,0,0,0,0,112.9,0,112.9,0
#N/A,Jordan Weal,MON,C,36,5,8,13,2,9,51,1,2,2,0,0,16,15,0,0,0,0,0,0,0,0,92.15,0,92.15,13.4
#N/A,Sven Baertschi,VAN,LW,24,7,6,13,-2,6,39,0,1,1,0,0,14,12,0,0,0,0,0,0,0,0,84.6,0,84.6,-0.4
#N/A,Joel Edmundson,CAR,D,70,3,10,13,5,67,112,2,0,0,0,0,130,123,0,0,0,0,0,0,0,0,201.75,0,201.75,-0.2
#N/A,Dan Girardi,FA,D,50,4,9,13,8,13,58,1,0,0,0,1,101,101,0,0,0,0,0,0,0,0,167.65,0,167.65,0
#N/A,Jamie McGinn,FA,LW,40,6,7,13,-7,15,59,1,2,1,0,0,65,10,0,0,0,0,0,0,0,0,112.75,0,112.75,0.2
#N/A,Kevin Connauton,COL,D,73,4,9,13,2,24,104,0,0,0,0,1,118,73,0,0,0,0,0,0,0,0,178.7,0,178.7,0
#N/A,Matt Martin,NYI,LW,64,5,8,13,2,66,57,0,0,0,0,0,264,38,0,0,0,0,0,0,0,0,185.6,0,185.6,-0.6
#N/A,Zach Bogosian,BUF,D,57,2,11,13,-11,48,82,0,0,1,0,0,69,97,0,0,0,0,0,0,0,0,149.1,0,149.1,0
#N/A,Michael Stone,CGY,D,66,3,9,12,-5,29,77,0,0,1,0,0,102,125,0,0,0,0,0,0,0,0,177.55,0,177.55,0
#N/A,Michael Del Zotto,ANH,D,40,3,9,12,-7,18,57,0,0,2,0,0,123,59,0,0,0,0,0,0,0,0,146.7,0,146.7,0
#N/A,Niklas Hjalmarsson,ARI,D,79,1,11,12,6,40,53,0,0,0,0,1,42,183,0,0,0,0,0,0,0,0,164.8,0,164.8,0
#N/A,Ian Cole,COL,D,51,2,10,12,7,66,60,0,0,1,0,0,81,113,0,0,0,0,0,0,0,0,143.4,0,143.4,0
#N/A,Mark Letestu,WPG,C,61,6,6,12,-9,9,85,0,0,0,1,0,50,24,0,0,0,0,0,0,0,0,122.25,0,122.25,0.8
#N/A,Nate Thompson,MON,C,68,4,8,12,0,18,56,0,0,0,0,0,100,37,0,0,0,0,0,0,0,0,126,0,126,11.6
#N/A,Johnny Boychuk,NYI,D,42,2,10,12,5,16,92,1,1,1,0,1,86,75,0,0,0,0,0,0,0,0,159.9,0,159.9,0
#N/A,Patrik Nemeth,DET,D,71,2,10,12,12,45,66,0,0,0,0,1,111,148,0,0,0,0,0,0,0,0,182.15,0,182.15,0
#N/A,Kenny Agostino,TOR,LW,32,3,9,12,-2,17,43,0,0,3,0,0,68,7,0,0,0,0,0,0,0,0,92.95,0,92.95,-2.4
#N/A,Connor Carrick,NJ,D,52,3,9,12,-3,32,65,2,1,1,0,0,45,59,0,0,0,0,0,0,0,0,120,0,120,0
#N/A,William Carrier,VGK,LW,62,9,3,12,-2,33,94,1,0,0,0,0,291,16,0,0,0,0,0,0,0,0,219.15,0,219.15,0
#N/A,Jakob Forsbacka-Karlsson,BOS,C,33,4,8,12,2,2,25,0,0,2,0,0,16,12,0,0,0,0,0,0,0,0,70.4,0,70.4,0
#N/A,Max Lajoie,OTT,D,46,5,7,12,-20,16,65,0,2,2,0,0,28,68,0,0,0,0,0,0,0,0,123.7,0,123.7,0
#N/A,Tim Schaller,VAN,C,43,5,7,12,-3,15,58,0,0,0,0,0,64,24,0,0,0,0,0,0,0,0,108.85,0,108.85,0
#N/A,Danick Martel,TB,C,59,4,8,12,8,42,101,0,0,0,0,0,67,34,0,0,0,0,0,0,0,0,127.8,0,127.8,0
#N/A,Brett Seney,NJ,LW,47,4,8,12,-9,29,46,0,0,1,0,0,44,13,0,0,0,0,0,0,0,0,84.85,0,84.85,-12.8
#N/A,Filip Zadina,DET,LW,33,4,8,12,-6,0,66,1,2,3,0,0,22,11,0,0,0,0,0,0,0,0,98.3,0,98.3,0
#N/A,Dillon Dube,CGY,C,50,2,10,12,5,8,44,0,0,0,0,0,23,6,0,0,0,0,0,0,0,0,72.2,0,72.2,-1.6
#N/A,Travis Boyd,WAS,C,35,3,9,12,4,4,41,1,0,1,0,0,9,13,0,0,0,0,0,0,0,0,74.6,0,74.6,-11.6
#N/A,Jaret Anderson-Dolan,LA,C,32,2,9,11,-7,6,27,1,1,2,0,0,32,13,0,0,0,0,0,0,0,0,73.3,0,73.3,-0.2
#N/A,Joel L'Esperance,DAL,C,55,6,5,11,-7,16,83,0,4,1,0,0,71,17,0,0,0,0,0,0,0,0,124.4,0,124.4,-0.8
#N/A,Chandler Stephenson,WAS,RW,53,4,7,11,-1,3,45,0,0,0,0,0,26,26,0,0,0,0,0,0,0,0,86.15,0,86.15,-0.2
#N/A,Nikolay Goldobin,VAN,RW,26,4,7,11,-5,6,40,1,1,2,0,0,7,8,0,0,0,0,0,0,0,0,71.3,0,71.3,0
#N/A,Tyler Motte,VAN,C,59,8,3,11,-5,11,89,0,0,0,3,0,134,40,0,0,0,0,0,0,0,0,170.35,0,170.35,-3.6
#N/A,Mirco Mueller,NJ,D,51,2,9,11,-1,14,44,0,0,0,0,2,59,65,0,0,0,0,0,0,0,0,115.6,0,115.6,0
#N/A,Jani Hakanpaa,ANH,D,41,4,7,11,-6,62,57,0,0,1,0,0,45,37,0,0,0,0,0,0,0,0,91.5,0,91.5,0
#N/A,Trevor Daley,DET,D,52,4,7,11,-2,22,66,1,0,0,1,1,19,75,0,0,0,0,0,0,0,0,119.6,0,119.6,0
#N/A,Roman Polak,DAL,D,75,2,9,11,6,62,74,0,0,0,0,0,184,136,0,0,0,0,0,0,0,0,200.1,0,200.1,0
#N/A,Braydon Coburn,TB,D,42,2,8,10,2,21,55,0,0,0,0,0,52,38,0,0,0,0,0,0,0,0,96.05,0,96.05,0
#N/A,Drew Stafford,FA,RW,52,4,6,10,-8,14,64,0,1,1,0,0,56,13,0,0,0,0,0,0,0,0,97.4,0,97.4,-1.4
#N/A,John Moore,BOS,D,47,3,7,10,0,24,78,1,1,1,0,0,67,57,0,0,0,0,0,0,0,0,128.3,0,128.3,0
#N/A,Marco Scandella,BUF,D,44,3,7,10,-7,19,64,1,0,1,0,1,41,56,0,0,0,0,0,0,0,0,112.65,0,112.65,0
#N/A,Gemel Smith,TB,C,43,5,5,10,0,16,51,0,0,0,0,0,30,12,0,0,0,0,0,0,0,0,79.5,0,79.5,0
#N/A,Boo Nieves,NYR,C,41,3,7,10,0,11,32,0,0,0,0,0,36,21,0,0,0,0,0,0,0,0,74.15,0,74.15,-10.2
#N/A,Jake McCabe,BUF,D,43,2,8,10,-5,22,45,0,1,1,0,0,71,68,0,0,0,0,0,0,0,0,115.4,0,115.4,-0.2
#N/A,Jacob De La Rose,DET,C,47,4,6,10,-6,18,46,0,0,0,0,0,79,27,0,0,0,0,0,0,0,0,101.6,0,101.6,-11.6
#N/A,Joakim Nordstrom,BOS,C,73,5,5,10,-6,11,100,2,0,0,0,0,105,45,0,0,0,0,0,0,0,0,155.75,0,155.75,-5.8
#N/A,Jacob Larsson,ANH,D,74,1,9,10,-3,26,83,0,0,0,0,0,61,87,0,0,0,0,0,0,0,0,134.9,0,134.9,-0.2
#N/A,Carter Rowney,ANH,C,41,3,7,10,-3,7,30,0,0,0,1,0,100,23,0,0,0,0,0,0,0,0,102.75,0,102.75,-1
#N/A,Brendan Lemieux,NYR,LW,39,7,3,10,4,69,41,1,0,0,0,0,78,18,0,0,0,0,0,0,0,0,89.45,0,89.45,-1.2
#N/A,Markus Hannikainen,CLS,RW,55,5,5,10,-3,4,60,0,0,0,0,0,70,17,0,0,0,0,0,0,0,0,105.5,0,105.5,-0.6
#N/A,Brandon Carlo,BOS,D,75,2,8,10,15,49,96,0,0,0,0,1,109,92,0,0,0,0,0,0,0,0,161.35,0,161.35,0.2
#N/A,Colby Cave,EDM,C,62,4,6,10,-6,19,68,1,0,0,0,0,84,22,0,0,0,0,0,0,0,0,113.85,0,113.85,0.2
#N/A,Jakob Lilja,CLS,LW,32,3,7,10,5,12,36,0,1,1,0,0,16,7,0,0,0,0,0,0,0,0,62.9,0,62.9,0
#N/A,Christian Wolanin,OTT,D,28,3,7,10,0,5,40,1,1,1,0,0,11,27,0,0,0,0,0,0,0,0,76.65,0,76.65,0
#N/A,Lias Andersson,NYR,LW,52,3,7,10,-8,34,49,0,0,0,3,0,75,11,0,0,0,0,0,0,0,0,93.5,0,93.5,-4.4
#N/A,Dominik Kubalik,CHI,LW,27,3,6,9,-3,6,34,0,0,1,0,0,22,17,0,0,0,0,0,0,0,0,66.8,0,66.8,0
#N/A,Josh Mahura,ANH,D,32,2,7,9,0,7,37,0,0,5,0,0,13,34,0,0,0,0,0,0,0,0,74.95,0,74.95,0
#N/A,Joey Anderson,NJ,RW,44,5,4,9,-9,8,64,1,0,0,1,0,55,15,0,0,0,0,0,0,0,0,100.5,0,100.5,0.2
#N/A,Libor Hajek,NYR,D,72,2,7,9,-8,42,88,0,0,0,0,0,74,63,0,0,0,0,0,0,0,0,125.6,0,125.6,0
#N/A,Valentin Zykov,VGK,RW,31,4,5,9,-2,4,36,0,0,2,0,0,24,5,0,0,0,0,0,0,0,0,66.1,0,66.1,-1
#N/A,Mike Reilly,MON,D,39,2,7,9,-2,12,57,0,0,2,0,0,29,30,0,0,0,0,0,0,0,0,85.1,0,85.1,0
#N/A,Devante Smith-Pelly,FA,RW,52,4,5,9,-8,19,66,0,0,0,0,0,91,38,0,0,0,0,0,0,0,0,118.65,0,118.65,-1.8
#N/A,Greg Pateryn,MIN,D,78,1,8,9,-3,43,99,0,0,0,0,0,150,133,0,0,0,0,0,0,0,0,194.25,0,194.25,-0.2
#N/A,Dmitry Kulikov,WPG,D,67,2,7,9,-2,40,51,0,0,0,0,0,88,87,0,0,0,0,0,0,0,0,125.2,0,125.2,0
#N/A,Erik Gudbranson,PIT,D,71,2,7,9,-17,67,84,1,0,0,0,0,171,92,0,0,0,0,0,0,0,0,172.65,0,172.65,0
#N/A,Carl Gunnarsson,STL,D,66,2,6,8,12,16,54,1,0,0,0,0,38,95,0,0,0,0,0,0,0,0,115.7,0,115.7,0
#N/A,Jonathan Ericsson,DET,D,56,3,5,8,-6,41,54,0,0,0,0,0,98,56,0,0,0,0,0,0,0,0,113.95,0,113.95,0
#N/A,Andrew MacDonald,FA,D,40,1,7,8,0,16,41,1,0,0,0,1,23,81,0,0,0,0,0,0,0,0,96.2,0,96.2,0
#N/A,Greg McKegg,NYR,C,40,4,4,8,-4,13,29,0,0,0,0,0,32,17,0,0,0,0,0,0,0,0,64.55,0,64.55,1.2
#N/A,Stefan Noesen,FA,C,36,4,4,8,-2,21,60,1,0,0,0,0,64,18,0,0,0,0,0,0,0,0,93.35,0,93.35,-2
#N/A,Andy Andreoff,PHI,C,47,4,4,8,-6,52,51,1,0,0,0,0,89,12,0,0,0,0,0,0,0,0,88.1,0,88.1,0
#N/A,Alex Biega,VAN,D,27,1,7,8,0,16,50,0,0,0,0,0,72,28,0,0,0,0,0,0,0,0,89.8,0,89.8,0
#N/A,Nicolas Petan,TOR,C,51,2,6,8,-7,11,51,0,0,2,0,0,11,11,0,0,0,0,0,0,0,0,62.65,0,62.65,0
#N/A,Evgeny Svechnikov,DET,LW,19,3,5,8,-4,22,49,0,0,0,0,0,17,11,0,0,0,0,0,0,0,0,61.3,0,61.3,0
#N/A,Christoffer Ehn,DET,C,42,3,5,8,-4,5,37,1,0,0,1,0,49,27,0,0,0,0,0,0,0,0,84.35,0,84.35,-1.8
#N/A,Mario Kempe,LA,LW,42,4,4,8,4,13,46,0,0,0,0,0,79,25,0,0,0,0,0,0,0,0,95.85,0,95.85,-15.4
#N/A,Ryan Poehling,MON,C,22,4,4,8,-2,9,57,0,2,2,0,0,18,11,0,0,0,0,0,0,0,0,74.95,0,74.95,0.2
#N/A,Par Lindholm,BOS,C,44,1,7,8,4,12,44,0,0,0,0,0,39,37,0,0,0,0,0,0,0,0,79.1,0,79.1,0.2
#N/A,Adam Gaudette,VAN,C,36,3,4,7,-4,11,37,1,0,1,0,0,30,10,0,0,0,0,0,0,0,0,62.75,0,62.75,-14.2
#N/A,Alex Formenton,OTT,LW,22,3,4,7,-4,15,37,0,0,0,0,0,26,18,0,0,0,0,0,0,0,0,61.15,0,61.15,-0.2
#N/A,Christian Jaros,OTT,D,45,1,6,7,-10,19,48,0,0,1,0,0,83,60,0,0,0,0,0,0,0,0,106.45,0,106.45,0
#N/A,Jan Rutta,TB,D,23,2,5,7,1,10,28,0,1,1,0,0,12,22,0,0,0,0,0,0,0,0,54.3,0,54.3,0
#N/A,Joel Eriksson Ek,MIN,C,27,3,4,7,-1,9,48,1,0,0,0,0,51,14,0,0,0,0,0,0,0,0,78.15,0,78.15,-9.2
#N/A,Brendan Guhle,ANH,D,44,1,6,7,-10,19,64,0,0,0,0,0,32,32,0,0,0,0,0,0,0,0,79.05,0,79.05,0
#N/A,Dennis Cholowski,DET,D,22,3,4,7,-8,7,30,0,2,2,0,0,8,21,0,0,0,0,0,0,0,0,57.95,0,57.95,0.2
#N/A,Caleb Jones,EDM,D,21,1,6,7,-8,6,24,0,0,1,0,0,25,22,0,0,0,0,0,0,0,0,55.5,0,55.5,0
#N/A,Nathan Walker,STL,C,31,1,6,7,6,25,31,0,0,0,0,0,62,0,0,0,0,0,0,0,0,0,57.05,0,57.05,0
#N/A,Frederik Gauthier,TOR,C,39,2,5,7,0,10,28,0,0,0,0,0,52,18,0,0,0,0,0,0,0,0,66.3,0,66.3,6.6
#N/A,Kevan Miller,BOS,D,29,1,6,7,5,28,26,0,0,0,0,1,62,49,0,0,0,0,0,0,0,0,80.3,0,80.3,0
#N/A,John Hayden,NJ,C,36,3,4,7,-4,26,36,0,0,0,0,0,78,16,0,0,0,0,0,0,0,0,77.7,0,77.7,-3
#N/A,Brett Ritchie,BOS,RW,41,4,3,7,-1,31,64,1,1,1,0,0,95,9,0,0,0,0,0,0,0,0,99.75,0,99.75,-1
#N/A,Miikka Salomaki,NSH,RW,42,2,5,7,-1,18,46,0,0,0,0,0,83,25,0,0,0,0,0,0,0,0,89.2,0,89.2,-0.6
#N/A,Stephen Johns,DAL,D,30,2,5,7,2,12,34,0,0,0,0,0,106,39,0,0,0,0,0,0,0,0,100.9,0,100.9,0
#N/A,Tom Kuhnhackl,NYI,RW,34,2,5,7,0,7,29,0,0,0,0,1,61,29,0,0,0,0,0,0,0,0,78.65,0,78.65,-0.4
#N/A,Brian Gibbons,CAR,C,22,4,3,7,2,4,25,0,0,0,0,0,13,15,0,0,0,0,0,0,0,0,53.2,0,53.2,-2.4
#N/A,Brendan Smith,NYR,D,40,2,5,7,1,51,42,0,0,0,0,0,57,35,0,0,0,0,0,0,0,0,73.55,0,73.55,-0.2
#N/A,Dan Hamhuis,NSH,D,46,1,6,7,1,19,31,0,0,0,0,0,31,47,0,0,0,0,0,0,0,0,69.65,0,69.65,0
#N/A,Ben Lovejoy,FA,D,60,2,5,7,1,29,75,0,0,0,0,0,71,100,0,0,0,0,0,0,0,0,133.65,0,133.65,0
#N/A,Yannick Weber,NSH,D,57,2,5,7,4,18,57,0,0,0,0,0,58,36,0,0,0,0,0,0,0,0,90.2,0,90.2,0
#N/A,Chris Tanev,VAN,D,31,1,6,7,3,8,25,0,0,0,0,0,16,61,0,0,0,0,0,0,0,0,70.4,0,70.4,0
#N/A,Marc Staal,NYR,D,57,1,5,6,-2,21,58,0,0,0,0,0,67,81,0,0,0,0,0,0,0,0,111.05,0,111.05,0
#N/A,Adam McQuaid,FA,D,48,2,4,6,1,52,37,1,0,0,0,1,107,83,0,0,0,0,0,0,0,0,115.8,0,115.8,0
#N/A,Mark Borowiecki,OTT,D,51,2,4,6,-7,85,55,0,0,0,0,0,225,80,0,0,0,0,0,0,0,0,158.25,0,158.25,0
#N/A,Dmitrij Jaskin,FA,RW,30,2,4,6,1,6,43,0,0,0,0,0,74,15,0,0,0,0,0,0,0,0,79.1,0,79.1,-0.6
#N/A,J.T. Brown,MIN,RW,31,2,4,6,-2,21,30,1,0,0,0,0,52,12,0,0,0,0,0,0,0,0,60.55,0,60.55,-1.6
#N/A,Trevor Carrick,SJ,D,21,2,4,6,-6,28,18,0,0,0,0,0,21,21,0,0,0,0,0,0,0,0,42.9,0,42.9,0
#N/A,Anders Bjork,BOS,C,24,2,4,6,0,4,23,0,1,0,0,0,13,12,0,0,0,0,0,0,0,0,44.7,0,44.7,0.2
#N/A,Vladislav Kamenev,COL,C,21,2,4,6,-3,8,18,0,0,0,0,0,18,4,0,0,0,0,0,0,0,0,38.2,0,38.2,0
#N/A,Christian Folin,MON,D,39,1,5,6,4,20,36,0,0,0,0,0,95,61,0,0,0,0,0,0,0,0,101.5,0,101.5,0.2
#N/A,Dean Kukan,CLS,D,24,0,6,6,5,5,18,0,0,0,0,0,13,21,0,0,0,0,0,0,0,0,41.45,0,41.45,0
#N/A,Saku Maenalanen,FA,LW,28,3,3,6,0,16,30,0,0,0,0,0,37,8,0,0,0,0,0,0,0,0,53.8,0,53.8,-1.8
#N/A,Victor Olofsson,BUF,RW,9,3,3,6,2,3,32,0,3,0,0,0,3,5,0,0,0,0,0,0,0,0,45.95,0,45.95,0
#N/A,Eric Robinson,CLS,LW,22,1,4,5,-7,6,33,0,0,0,0,0,39,8,0,0,0,0,0,0,0,0,51.6,0,51.6,0
#N/A,Mackenzie MacEachern,STL,LW,27,2,3,5,0,16,49,0,0,0,0,0,51,7,0,0,0,0,0,0,0,0,63.4,0,63.4,0
#N/A,Jonny Brodzinski,SJ,RW,32,3,2,5,3,5,50,0,0,0,0,0,42,12,0,0,0,0,0,0,0,0,67.55,0,67.55,0
#N/A,Oscar Fantenberg,VAN,D,39,2,3,5,3,12,46,0,0,2,0,0,60,42,0,0,0,0,0,0,0,0,86,0,86,0
#N/A,Ethan Bear,EDM,D,16,1,4,5,-4,4,19,0,0,1,0,0,14,13,0,0,0,0,0,0,0,0,38.6,0,38.6,0
#N/A,Jonas Siegenthaler,WAS,D,31,0,5,5,7,12,14,0,0,0,0,0,37,52,0,0,0,0,0,0,0,0,59.8,0,59.8,0
#N/A,Noah Juulsen,MON,D,23,1,4,5,5,8,24,0,0,0,0,0,61,38,0,0,0,0,0,0,0,0,70.4,0,70.4,0
#N/A,Nick Paul,OTT,LW,28,2,3,5,-13,4,34,0,0,0,0,0,41,6,0,0,0,0,0,0,0,0,54.4,0,54.4,-0.6
#N/A,Ross Johnston,NYI,LW,20,2,3,5,2,39,15,0,0,0,0,0,44,5,0,0,0,0,0,0,0,0,36.85,0,36.85,-0.2
#N/A,Samuel Blais,STL,LW,22,2,3,5,0,8,41,0,0,0,0,0,71,11,0,0,0,0,0,0,0,0,71.4,0,71.4,0
#N/A,Jaycob Megna,VGK,D,30,1,4,5,2,14,34,0,0,0,0,0,35,31,0,0,0,0,0,0,0,0,60,0,60,0
#N/A,Andy Welinski,PHI,D,23,1,4,5,-4,6,34,0,0,0,0,0,38,18,0,0,0,0,0,0,0,0,56.7,0,56.7,0
#N/A,Robert Bortuzzo,STL,D,27,2,3,5,5,17,32,0,0,0,0,0,46,37,0,0,0,0,0,0,0,0,67.65,0,67.65,0
#N/A,Joe Morrow,FA,D,31,1,4,5,-2,15,39,0,0,1,0,0,38,33,0,0,0,0,0,0,0,0,65.45,0,65.45,0
#N/A,Matt Irwin,NSH,D,38,1,4,5,4,26,47,0,0,0,0,0,63,33,0,0,0,0,0,0,0,0,75.7,0,75.7,0
#N/A,Micheal Haley,NYR,RW,40,1,4,5,-3,94,29,1,0,0,0,0,72,14,0,0,0,0,0,0,0,0,45.8,0,45.8,-0.8
#N/A,Luke Schenn,TB,D,46,1,4,5,-10,33,49,0,0,0,0,0,167,75,0,0,0,0,0,0,0,0,137.55,0,137.55,0
#N/A,Derek Grant,ANH,C,21,1,3,4,-1,5,23,0,1,0,0,1,25,11,0,0,0,0,0,0,0,0,42.75,0,42.75,5.4
#N/A,Martin Marincin,TOR,D,16,1,3,4,-2,8,19,0,0,0,0,0,14,15,0,0,0,0,0,0,0,0,34.6,0,34.6,-0.2
#N/A,Michael Chaput,ARI,C,25,1,3,4,-6,14,22,0,0,0,0,0,43,14,0,0,0,0,0,0,0,0,45.7,0,45.7,0.8
#N/A,Gabriel Bourque,WPG,LW,24,1,3,4,0,5,17,0,0,0,0,0,48,23,0,0,0,0,0,0,0,0,51.95,0,51.95,-1.2
#N/A,Alan Quine,CGY,C,15,1,3,4,-1,4,16,0,1,0,0,0,20,6,0,0,0,0,0,0,0,0,33,0,33,-1.4
#N/A,Anthony Bitetto,WPG,D,43,0,4,4,-5,26,34,0,0,0,0,0,77,42,0,0,0,0,0,0,0,0,74.3,0,74.3,0
#N/A,Carl Dahlstrom,WPG,D,27,1,3,4,5,4,30,0,0,0,0,0,22,25,0,0,0,0,0,0,0,0,49.3,0,49.3,0
#N/A,Robert Hagg,PHI,D,22,1,3,4,0,14,25,0,0,0,0,0,71,38,0,0,0,0,0,0,0,0,70.4,0,70.4,0
#N/A,Martin Frk,LA,RW,14,2,2,4,-4,2,17,0,1,0,0,0,16,2,0,0,0,0,0,0,0,0,32.4,0,32.4,0
#N/A,Slater Koekkoek,CHI,D,28,1,3,4,2,12,31,0,0,0,0,0,39,38,0,0,0,0,0,0,0,0,61.1,0,61.1,0
#N/A,Phil Di Giuseppe,NYR,LW,21,1,3,4,-3,7,25,0,0,0,0,0,45,7,0,0,0,0,0,0,0,0,46.25,0,46.25,0
#N/A,Joakim Ryan,LA,D,21,0,4,4,-2,5,22,0,0,0,0,0,16,26,0,0,0,0,0,0,0,0,41.15,0,41.15,0
#N/A,Joseph Blandisi,PIT,C,21,2,2,4,-4,17,19,0,0,2,0,0,25,4,0,0,0,0,0,0,0,0,35.25,0,35.25,0
#N/A,Jacob Middleton,SJ,D,11,0,4,4,-4,7,13,0,0,0,0,0,4,7,0,0,0,0,0,0,0,0,21.85,0,21.85,0
#N/A,Ben Harpur,TOR,D,57,1,3,4,-5,48,47,0,0,0,0,0,96,64,0,0,0,0,0,0,0,0,95.9,0,95.9,0
#N/A,Kevin Gravel,TOR,D,32,0,4,4,-1,4,37,0,0,1,0,0,34,42,0,0,0,0,0,0,0,0,65.1,0,65.1,0
#N/A,Chris Wideman,ANH,D,14,1,3,4,-2,8,20,1,1,1,0,0,15,12,0,0,0,0,0,0,0,0,38,0,38,0
#N/A,Kyle Capobianco,ARI,D,12,1,3,4,1,4,16,0,0,1,0,0,13,14,0,0,0,0,0,0,0,0,34.2,0,34.2,0
#N/A,Philippe Myers,PHI,D,33,2,2,4,-8,3,47,0,0,0,0,0,56,13,0,0,0,0,0,0,0,0,67.65,0,67.65,0
#N/A,Nick Seeler,MIN,D,53,1,3,4,2,49,49,0,0,0,0,0,57,84,0,0,0,0,0,0,0,0,91.05,0,91.05,0
#N/A,Nathan Bastian,NJ,RW,8,2,2,4,1,11,15,0,0,0,0,0,27,1,0,0,0,0,0,0,0,0,32.05,0,32.05,0.6
#N/A,Tage Thompson,BUF,RW,26,2,2,4,-8,8,41,0,1,0,0,0,26,4,0,0,0,0,0,0,0,0,47.9,0,47.9,0
#N/A,Mikhail Vorobyov,PHI,C,27,1,3,4,5,9,42,0,0,0,0,0,10,5,0,0,0,0,0,0,0,0,39.25,0,39.25,0
#N/A,Trevor Moore,TOR,LW,11,1,3,4,0,1,11,0,0,0,0,0,7,3,0,0,0,0,0,0,0,0,23.55,0,23.55,0
#N/A,Dominic Toninato,FLA,LW,22,2,2,4,0,7,15,0,0,0,0,0,14,8,0,0,0,0,0,0,0,0,31.35,0,31.35,-0.8
#N/A,Eeli Tolvanen,NSH,LW,10,2,2,4,3,0,13,0,1,1,0,0,8,5,0,0,0,0,0,0,0,0,30.2,0,30.2,0
#N/A,Jimmy Schuldt,VGK,D,12,0,4,4,2,4,10,0,0,0,0,0,6,9,0,0,0,0,0,0,0,0,22.9,0,22.9,0
#N/A,Karson Kuhlman,BOS,C,9,2,2,4,4,2,12,1,0,0,0,0,5,3,0,0,0,0,0,0,0,0,27,0,27,0.2
#N/A,Ilya Lyubushkin,ARI,D,36,0,3,3,-7,12,23,0,0,0,0,0,138,52,0,0,0,0,0,0,0,0,98.7,0,98.7,0
#N/A,Juuso Riikola,PIT,D,21,1,2,3,2,5,24,1,1,0,0,0,49,22,0,0,0,0,0,0,0,0,55.35,0,55.35,0
#N/A,Lawrence Pilut,BUF,D,18,1,2,3,-4,11,20,0,0,0,0,0,11,18,0,0,0,0,0,0,0,0,31.65,0,31.65,0
#N/A,Sheldon Dries,COL,C,19,1,2,3,-3,12,21,0,0,0,0,0,31,10,0,0,0,0,0,0,0,0,35.9,0,35.9,0.2
#N/A,Kirby Dach,CHI,C,9,1,2,3,-2,4,13,0,0,1,0,0,11,6,0,0,0,0,0,0,0,0,24.9,0,24.9,0
#N/A,Emil Bemstrom,CLS,C,10,1,2,3,-1,2,11,0,0,0,0,0,3,1,0,0,0,0,0,0,0,0,17.7,0,17.7,0
#N/A,Vinni Lettieri,NYR,C,16,1,2,3,-6,5,23,0,1,1,0,0,22,6,0,0,0,0,0,0,0,0,35.05,0,35.05,0.2
#N/A,Trent Frederic,BOS,C,12,1,2,3,-3,12,16,0,0,0,0,0,15,5,0,0,0,0,0,0,0,0,24.5,0,24.5,0.2
#N/A,Jake Bean,CAR,D,8,1,2,3,1,2,9,0,0,1,0,0,4,3,0,0,0,0,0,0,0,0,19.1,0,19.1,0
#N/A,German Rubtsov,PHI,C,13,1,2,3,1,8,22,0,0,0,0,0,11,9,0,0,0,0,0,0,0,0,28.9,0,28.9,0
#N/A,Nick Lappin,STL,RW,13,1,2,3,-4,10,26,0,0,0,0,0,21,6,0,0,0,0,0,0,0,0,32.9,0,32.9,0.8
#N/A,Casey Nelson,BUF,D,14,1,2,3,-2,4,16,0,0,0,0,0,15,13,0,0,0,0,0,0,0,0,30.5,0,30.5,0
#N/A,Zachary Senyshyn,BOS,RW,6,2,1,3,1,2,13,0,0,0,0,0,3,2,0,0,0,0,0,0,0,0,21.2,0,21.2,0
#N/A,Nicolas Roy,VGK,C,12,1,2,3,-1,3,11,0,0,0,0,0,15,3,0,0,0,0,0,0,0,0,23.25,0,23.25,0.6
#N/A,Yegor Rykov,NYR,D,15,1,2,3,-3,2,12,0,0,0,0,0,13,17,0,0,0,0,0,0,0,0,30.2,0,30.2,0
#N/A,Daniel Carr,NSH,LW,8,1,2,3,0,1,11,0,0,0,0,0,6,3,0,0,0,0,0,0,0,0,20.15,0,20.15,0
#N/A,Jean-Sebastien Dea,BUF,C,14,2,1,3,0,6,16,1,0,0,0,0,15,7,0,0,0,0,0,0,0,0,31,0,31,0.4
#N/A,Chad Ruhwedel,PIT,D,16,1,2,3,-3,5,22,0,0,0,0,0,26,14,0,0,0,0,0,0,0,0,38.15,0,38.15,0
#N/A,Kurtis Gabriel,PHI,RW,18,1,2,3,0,47,5,1,0,0,0,0,57,5,0,0,0,0,0,0,0,0,29.05,0,29.05,0
#N/A,Matt Read,TOR,RW,14,2,1,3,-1,2,17,0,0,0,0,0,17,8,0,0,0,0,0,0,0,0,31.8,0,31.8,-0.4
#N/A,Taylor Fedun,DAL,D,16,1,2,3,1,4,33,0,0,1,0,0,7,19,0,0,0,0,0,0,0,0,39.8,0,39.8,0
#N/A,Garrett Wilson,TOR,LW,19,1,2,3,1,7,21,0,0,0,0,0,43,6,0,0,0,0,0,0,0,0,39.95,0,39.95,-0.2
#N/A,Korbinian Holzer,ANH,D,18,1,2,3,1,8,11,0,0,0,0,0,40,24,0,0,0,0,0,0,0,0,42.5,0,42.5,0
#N/A,Alex Petrovic,BOS,D,19,0,3,3,-3,24,20,0,0,0,0,0,48,24,0,0,0,0,0,0,0,0,44.2,0,44.2,0
#N/A,Nicolas Deslauriers,ANH,LW,26,2,1,3,-2,20,28,0,0,0,0,0,87,11,0,0,0,0,0,0,0,0,62.3,0,62.3,0.2
154,Mikko Koskinen,EDM,G,50,0,2,2,0,0,0,0,0,0,0,0,0,0,24,21,3,136,1509,1373,0.91,2,6,376.55,382.55,0
#N/A,Steve Kampfer,BOS,D,12,1,1,2,-3,8,14,0,0,0,0,0,19,14,0,0,0,0,0,0,0,0,27.6,0,27.6,0
67,Jacob Markstrom,VAN,G,60,0,2,2,0,0,0,0,0,1,0,0,0,0,29,22,7,155,1856,1701,0.916,1,7,490.35,497.35,0
159,Jonathan Quick,LA,G,52,0,2,2,0,0,0,0,0,1,0,0,0,0,23,22,5,143,1531,1388,0.907,3,7,368.8,375.8,0
#N/A,Jaroslav Halak,BOS,G,30,0,2,2,0,0,0,0,0,1,0,0,0,0,15,10,2,85,979,894,0.913,1,7,241.9,248.9,0
81,Tuukka Rask,BOS,G,56,0,2,2,0,0,0,0,0,1,0,0,0,0,34,15,6,131,1526,1395,0.914,4,7,471.25,478.25,0
47,Devan Dubnyk,MIN,G,64,0,2,2,0,0,0,0,0,0,0,0,0,0,33,24,5,152,1820,1668,0.916,4,6,531.8,537.8,0
117,Henrik Lundqvist,NYR,G,52,0,2,2,0,0,0,0,0,1,0,0,0,0,28,19,4,142,1610,1468,0.912,1,7,411.8,418.8,0
255,Mike Smith,EDM,G,40,0,2,2,0,0,0,0,0,0,0,0,1,0,17,16,5,113,1199,1086,0.906,1,6.4,273.1,279.5,0
247,Corey Crawford,CHI,G,40,0,2,2,0,0,0,0,0,0,0,0,0,0,17,16,5,102,1155,1053,0.912,1,6,294.55,300.55,0
#N/A,Zac Rinaldo,CGY,C,15,1,1,2,-1,13,12,0,0,0,0,0,44,6,0,0,0,0,0,0,0,0,31.35,0,31.35,-0.6
#N/A,Justin Holl,TOR,D,8,1,1,2,-1,1,9,0,0,0,0,0,7,5,0,0,0,0,0,0,0,0,17.55,0,17.55,0
#N/A,Connor Brickley,NYR,C,8,1,1,2,0,4,11,0,0,0,0,0,17,5,0,0,0,0,0,0,0,0,21.8,0,21.8,-1.4
#N/A,Reid Boucher,VAN,RW,7,1,1,2,-2,1,13,0,0,0,0,0,4,2,0,0,0,0,0,0,0,0,16.85,0,16.85,0
#N/A,Peter Cehlarik,BOS,C,8,1,1,2,1,2,10,0,0,0,0,0,3,3,0,0,0,0,0,0,0,0,15.2,0,15.2,-1
#N/A,Brandon Davidson,CGY,D,9,0,2,2,-2,7,11,0,0,0,0,0,16,16,0,0,0,0,0,0,0,0,24.15,0,24.15,0
24,Connor Hellebuyck,WPG,G,65,0,2,2,0,0,0,0,0,1,0,0,0,0,34,22,5,172,2089,1917,0.918,3,7,562.95,569.95,0
#N/A,Remi Elie,BUF,LW,12,1,1,2,0,3,11,0,0,0,0,0,18,4,0,0,0,0,0,0,0,0,21.95,0,21.95,0.2
#N/A,Justin Bailey,VAN,RW,8,1,1,2,0,1,8,0,0,0,0,0,8,4,0,0,0,0,0,0,0,0,16.95,0,16.95,0
#N/A,Ian McCoshen,FLA,D,10,1,1,2,-2,6,8,0,0,0,0,0,20,9,0,0,0,0,0,0,0,0,23,0,23,0
#N/A,Luke Witkowski,TB,D,19,0,2,2,-2,24,10,0,0,0,0,0,38,12,0,0,0,0,0,0,0,0,26.2,0,26.2,0
12,Andrei Vasilevskiy,TB,G,62,0,2,2,0,0,0,0,0,1,0,0,0,0,40,14,5,145,1911,1766,0.924,5,7,611.1,618.1,0
#N/A,Jordan Schmaltz,TOR,D,15,0,2,2,-3,4,8,0,0,0,0,0,7,16,0,0,0,0,0,0,0,0,19.8,0,19.8,0
#N/A,Clark Bishop,CAR,C,10,1,1,2,-1,3,8,0,0,0,0,0,20,3,0,0,0,0,0,0,0,0,20.75,0,20.75,-1.8
#N/A,Joe Hicketts,DET,D,15,0,2,2,-7,2,17,0,0,0,0,0,23,35,0,0,0,0,0,0,0,0,40.7,0,40.7,0
#N/A,Ryan Graves,COL,D,11,1,1,2,2,1,11,0,0,0,0,0,14,22,0,0,0,0,0,0,0,0,29.85,0,29.85,0
#N/A,Frederick Gaudreau,NSH,C,20,1,1,2,1,1,15,0,0,0,0,0,8,7,0,0,0,0,0,0,0,0,21.95,0,21.95,-2.2
#N/A,Andrew Agozzino,PIT,LW,11,1,1,2,2,0,11,0,0,0,0,0,14,3,0,0,0,0,0,0,0,0,20.6,0,20.6,-1.2
#N/A,Scott Wilson,BUF,LW,8,1,1,2,-2,2,12,0,0,0,0,0,15,3,0,0,0,0,0,0,0,0,21,0,21,-0.2
#N/A,Matthew Peca,MON,C,7,1,1,2,-1,1,7,0,0,0,0,0,6,4,0,0,0,0,0,0,0,0,15.65,0,15.65,-1.8
#N/A,Filip Chlapik,OTT,C,10,1,1,2,-3,4,13,0,0,0,0,0,7,7,0,0,0,0,0,0,0,0,19.8,0,19.8,-1.6
#N/A,John Quenneville,CHI,C,10,1,1,2,1,2,12,0,0,0,0,0,10,3,0,0,0,0,0,0,0,0,19,0,19,-0.6
#N/A,Sonny Milano,CLS,LW,6,1,1,2,-1,2,7,0,0,0,0,0,3,1,0,0,0,0,0,0,0,0,12.7,0,12.7,0
#N/A,Charles Hudon,MON,LW,4,1,1,2,-1,2,9,0,0,0,0,0,8,2,0,0,0,0,0,0,0,0,16.2,0,16.2,-0.2
#N/A,A.J. Greer,COL,LW,12,0,2,2,-1,15,9,0,0,0,0,0,17,4,0,0,0,0,0,0,0,0,15.55,0,15.55,-0.2
#N/A,Michael Bunting,ARI,LW,6,1,1,2,1,2,8,0,0,0,0,0,7,2,0,0,0,0,0,0,0,0,15.3,0,15.3,0
#N/A,Kole Sherwood,CLS,C,10,0,2,2,2,2,13,0,0,1,0,0,48,5,0,0,0,0,0,0,0,0,34.7,0,34.7,0
#N/A,Michael McLeod,NJ,C,12,0,2,2,-4,8,12,0,0,0,0,0,23,2,0,0,0,0,0,0,0,0,20.2,0,20.2,1.6
#N/A,Logan Stanley,WPG,D,17,1,1,2,2,18,27,0,0,0,0,0,31,16,0,0,0,0,0,0,0,0,37.4,0,37.4,0
#N/A,Logan Brown,OTT,C,6,1,1,2,-2,2,8,0,1,0,0,0,4,2,0,0,0,0,0,0,0,0,15.1,0,15.1,-0.8
#N/A,Ryan Lindgren,NYR,D,8,0,2,2,-4,10,12,0,0,0,0,0,15,14,0,0,0,0,0,0,0,0,22.5,0,22.5,0
#N/A,Jordan Kyrou,STL,RW,15,1,1,2,-1,8,25,0,0,0,0,0,9,6,0,0,0,0,0,0,0,0,25.1,0,25.1,0.4
#N/A,Janne Kuokkanen,CAR,LW,7,1,1,2,-2,2,11,0,0,0,0,0,3,2,0,0,0,0,0,0,0,0,15.2,0,15.2,0
#N/A,Joseph Gambardella,EDM,C,11,0,2,2,2,2,5,0,0,0,0,0,10,4,0,0,0,0,0,0,0,0,14,0,14,0.4
#N/A,Kevin Rooney,NJ,C,6,1,1,2,0,3,6,0,0,0,0,0,11,3,0,0,0,0,0,0,0,0,16.15,0,16.15,-1
#N/A,Gavin Bayreuther,DAL,D,9,1,1,2,1,5,12,0,0,1,0,0,5,9,0,0,0,0,0,0,0,0,20.25,0,20.25,0
#N/A,Juuso Valimaki,CGY,D,14,1,1,2,-1,7,16,1,0,0,0,0,12,25,0,0,0,0,0,0,0,0,33.55,0,33.55,0
#N/A,Henri Jokiharju,BUF,D,6,0,2,2,-1,2,10,0,0,0,0,0,8,6,0,0,0,0,0,0,0,0,16.7,0,16.7,0
#N/A,Erik Brannstrom,OTT,D,4,1,1,2,0,0,11,0,0,0,0,0,8,3,0,0,0,0,0,0,0,0,18.2,0,18.2,0
#N/A,Adam Johnson,PIT,C,6,0,2,2,2,0,3,0,0,0,0,0,11,3,0,0,0,0,0,0,0,0,13.4,0,13.4,0
#N/A,Blake Lizotte,LA,LW,9,1,1,2,2,8,21,0,0,0,0,0,11,7,0,0,0,0,0,0,0,0,24.4,0,24.4,0
#N/A,Connor Clifton,BOS,D,15,0,2,2,4,12,18,0,0,0,0,0,32,11,0,0,0,0,0,0,0,0,30.3,0,30.3,0
#N/A,Sam Lafferty,PIT,RW,9,1,1,2,-2,8,15,0,0,0,0,0,11,7,0,0,0,0,0,0,0,0,21.4,0,21.4,0
#N/A,Sheldon Rempal,LA,LW,10,0,2,2,-1,0,4,0,0,0,0,0,0,1,0,0,0,0,0,0,0,0,8.5,0,8.5,0
#N/A,Kiefer Sherwood,ANH,LW,4,1,1,2,0,1,7,0,0,0,0,0,7,2,0,0,0,0,0,0,0,0,15.05,0,15.05,-0.4
#N/A,Daniel Brickley,LA,D,3,0,1,1,-1,0,1,0,0,0,0,0,3,3,0,0,0,0,0,0,0,0,6.2,0,6.2,0
#N/A,Ryan Kuffner,DET,LW,5,1,0,1,-2,0,4,0,0,0,0,0,2,3,0,0,0,0,0,0,0,0,9.3,0,9.3,-0.4
#N/A,Logan O'Connor,COL,C,8,0,1,1,-3,0,2,0,0,0,0,0,6,2,0,0,0,0,0,0,0,0,7.4,0,7.4,-0.6
#N/A,Benjamin Gleason,DAL,D,2,0,1,1,0,0,1,0,0,0,0,0,1,1,0,0,0,0,0,0,0,0,4.4,0,4.4,0
250,Alexandar Georgiev,NYR,G,34,0,1,1,0,0,0,0,0,1,0,0,0,0,16,12,3,90,1095,1005,0.918,1,4,285.75,289.75,0
#N/A,C.J. Smith,BUF,LW,7,1,0,1,0,0,12,1,0,0,0,0,2,1,0,0,0,0,0,0,0,0,14.3,0,14.3,0
#N/A,Josh Currie,EDM,RW,5,0,1,1,0,0,5,0,0,0,0,0,9,4,0,0,0,0,0,0,0,0,11.1,0,11.1,-0.2
#N/A,Tanner Fritz,NYI,LW,8,0,1,1,-1,2,6,0,0,0,0,0,15,6,0,0,0,0,0,0,0,0,14.5,0,14.5,-1.4
#N/A,Zach MacEwen,VAN,C,4,0,1,1,-4,5,2,0,0,0,0,0,4,1,0,0,0,0,0,0,0,0,4.85,0,4.85,0
#N/A,Tim Gettinger,NYR,LW,6,0,1,1,-1,1,3,0,0,0,0,0,23,5,0,0,0,0,0,0,0,0,15.95,0,15.95,0
#N/A,Vitali Abramov,OTT,RW,3,1,0,1,-4,0,5,0,0,0,0,0,2,3,0,0,0,0,0,0,0,0,9.8,0,9.8,0
#N/A,Luke Johnson,MIN,C,15,0,1,1,-8,8,19,0,0,1,0,0,31,9,0,0,0,0,0,0,0,0,28.4,0,28.4,-0.8
#N/A,Patrick Russell,EDM,RW,3,0,1,1,0,3,6,0,0,0,0,0,8,3,0,0,0,0,0,0,0,0,9.95,0,9.95,0
#N/A,Ashton Sautner,VAN,D,12,0,1,1,0,2,14,0,0,0,0,0,19,12,0,0,0,0,0,0,0,0,23.1,0,23.1,0
#N/A,Kalle Kossila,TOR,C,6,1,0,1,-2,2,7,0,0,0,0,0,4,3,0,0,0,0,0,0,0,0,11.1,0,11.1,0.4
#N/A,Gabriel Carlsson,CLS,D,3,0,1,1,0,1,4,0,0,0,0,0,3,2,0,0,0,0,0,0,0,0,6.95,0,6.95,0
#N/A,Samuel Montembeault,FLA,G,20,0,1,1,0,0,0,0,0,1,0,0,0,0,9,7,2,49,517,468,0.905,0,4,132.8,136.8,0
#N/A,Pheonix Copley,WAS,G,22,0,1,1,0,0,0,0,0,0,0,0,0,0,10,8,4,52,577,525,0.91,1,3,159.75,162.75,0
#N/A,Justin Dowling,DAL,C,10,0,1,1,-2,1,10,0,0,0,0,0,7,4,0,0,0,0,0,0,0,0,12.55,0,12.55,0.6
#N/A,Julius Honka,DAL,D,11,0,1,1,-1,4,14,0,0,0,0,0,6,10,0,0,0,0,0,0,0,0,16.4,0,16.4,-0.2
#N/A,Thatcher Demko,VAN,G,22,0,1,1,0,0,0,0,0,1,0,0,0,0,10,9,1,56,608,552,0.908,0,4,153.2,157.2,0
#N/A,Louis Belpedio,MIN,D,2,0,1,1,0,0,0,0,0,0,0,0,1,3,0,0,0,0,0,0,0,0,4.9,0,4.9,0
#N/A,Dominic Turgeon,DET,C,5,0,1,1,-4,1,3,0,0,0,0,0,4,6,0,0,0,0,0,0,0,0,8.85,0,8.85,-1
#N/A,Fredrik Claesson,CAR,D,6,0,1,1,0,2,6,0,0,0,0,0,13,6,0,0,0,0,0,0,0,0,13.7,0,13.7,0
#N/A,Tyler Lewington,WAS,D,3,0,1,1,2,8,5,0,0,0,0,0,6,2,0,0,0,0,0,0,0,0,6.9,0,6.9,0
#N/A,Gustav Forsling,CAR,D,6,0,1,1,1,4,9,0,0,0,0,0,6,5,0,0,0,0,0,0,0,0,11.4,0,11.4,0
#N/A,Juuse Saros,NSH,G,25,0,1,1,0,0,0,0,0,1,0,0,0,0,14,10,1,68,745,677,0.909,1,4,192.95,196.95,0
#N/A,Kurtis MacDermid,LA,D,6,0,1,1,-1,8,4,0,0,0,0,0,14,4,0,0,0,0,0,0,0,0,10.6,0,10.6,0
88,Matt Murray,PIT,G,54,0,1,1,0,0,0,0,0,0,0,0,0,0,30,17,4,136,1642,1506,0.917,3,3,467.1,470.1,0
#N/A,Derrick Pouliot,STL,D,5,0,1,1,-1,3,9,0,0,0,0,0,6,7,0,0,0,0,0,0,0,0,12.65,0,12.65,0
#N/A,Ben Street,NJ,C,5,0,1,1,-3,2,7,0,0,0,0,0,6,3,0,0,0,0,0,0,0,0,9.9,0,9.9,-2.2
22,Frederik Andersen,TOR,G,64,0,1,1,0,0,0,0,0,0,0,0,0,0,37,18,6,169,2052,1883,0.918,3,3,568.05,571.05,0
203,Antti Raanta,ARI,G,41,0,1,1,0,0,0,0,0,0,0,0,0,0,21,14,4,111,1277,1166,0.913,1,3,327.1,330.1,0
#N/A,Marko Dano,CLS,C,5,0,1,1,0,2,5,0,0,0,0,0,9,2,0,0,0,0,0,0,0,0,9.6,0,9.6,-1
#N/A,Tristan Jarry,PIT,G,6,0,1,1,0,0,0,0,0,0,0,0,0,0,2,2,1,12,122,110,0.902,1,3,38.5,41.5,0
#N/A,Tyrell Goulbourne,VGK,LW,5,0,1,1,-1,1,3,0,0,0,0,0,10,1,0,0,0,0,0,0,0,0,8.75,0,8.75,0
#N/A,Sam Carrick,ANH,C,5,0,1,1,-1,2,4,0,0,0,0,0,13,2,0,0,0,0,0,0,0,0,10.7,0,10.7,0.2
#N/A,Dalton Prout,SJ,D,9,0,1,1,0,10,6,0,0,0,0,0,15,8,0,0,0,0,0,0,0,0,13.5,0,13.5,0
#N/A,Zach Trotman,PIT,D,7,0,1,1,1,2,9,0,0,1,0,0,9,9,0,0,0,0,0,0,0,0,16.1,0,16.1,0
#N/A,Cameron Schilling,WPG,D,4,0,1,1,0,0,2,0,0,0,0,0,3,5,0,0,0,0,0,0,0,0,7.7,0,7.7,0
#N/A,Adam Clendening,CLS,D,4,0,1,1,0,2,4,0,0,0,0,0,2,4,0,0,0,0,0,0,0,0,7.3,0,7.3,0
48,John Gibson,ANH,G,59,0,1,1,0,0,0,0,0,0,0,0,1,0,29,21,8,141,1848,1707,0.924,3,3.4,538.45,541.85,0
#N/A,Xavier Ouellet,MON,D,4,0,1,1,0,2,6,0,0,0,0,0,4,5,0,0,0,0,0,0,0,0,9.6,0,9.6,0
17,Sergei Bobrovsky,FLA,G,66,0,1,1,0,0,0,0,0,0,0,0,0,0,38,23,3,157,1978,1821,0.921,5,3,602.35,605.35,0
174,Darcy Kuemper,ARI,G,45,0,1,1,0,0,0,0,0,1,0,0,0,0,23,15,5,109,1289,1180,0.915,3,4,370,374,0
#N/A,Keith Kinkaid,MON,G,21,0,1,1,0,0,0,0,0,1,0,0,0,0,9,8,1,61,657,596,0.907,1,4,149.6,153.6,0
#N/A,Matt Puempel,DET,LW,5,1,0,1,-1,1,6,0,0,0,0,0,3,2,0,0,0,0,0,0,0,0,9.95,0,9.95,-0.4
#N/A,Matt Donovan,NSH,D,1,0,1,1,0,1,1,0,0,0,0,0,0,2,0,0,0,0,0,0,0,0,4.25,0,4.25,0
199,Cam Talbot,CGY,G,44,0,1,1,0,0,0,0,0,0,0,0,0,0,22,15,4,112,1266,1154,0.912,2,3,339.9,342.9,0
49,Marc-Andre Fleury,VGK,G,60,0,1,1,0,0,0,0,0,0,0,0,1,0,34,20,6,139,1722,1583,0.919,4,3.4,529.05,532.45,0
195,Craig Anderson,OTT,G,51,0,1,1,0,0,0,0,0,0,0,0,0,0,19,27,4,145,1533,1388,0.905,2,3,338.8,341.8,0
#N/A,Roberto Luongo,FA,G,0,0,1,1,0,0,0,0,0,1,0,0,0,0,0,0,0,0,0,0,0,0,4,0,4,0
209,Jimmy Howard,DET,G,44,0,1,1,0,0,0,0,0,0,0,0,0,0,22,18,2,118,1281,1163,0.908,1,3,321.05,324.05,0
28,Carey Price,MON,G,65,0,1,1,0,0,0,0,0,0,0,0,0,0,36,23,5,157,1931,1774,0.919,4,3,569.9,572.9,0
271,Thomas Greiss,NYI,G,35,0,1,1,0,0,0,0,0,0,0,0,0,0,18,14,2,92,1022,930,0.91,2,3,269.5,272.5,0
#N/A,Cameron Gaunce,TB,D,6,0,1,1,2,9,4,0,0,0,0,0,12,5,0,0,0,0,0,0,0,0,10.05,0,10.05,0
#N/A,Mark Barberio,COL,D,8,0,1,1,-2,2,10,0,0,0,0,0,9,10,0,0,0,0,0,0,0,0,16.1,0,16.1,0
#N/A,Jake Allen,STL,G,28,0,1,1,0,0,0,0,0,0,0,0,0,0,13,11,2,66,761,695,0.913,1,3,213.25,216.25,0
45,Braden Holtby,WAS,G,63,0,1,1,0,0,0,0,0,0,0,0,0,0,35,20,5,169,1905,1736,0.911,4,3,508.6,511.6,0
#N/A,Alex Stalock,MIN,G,22,0,1,1,0,0,0,0,0,0,0,0,0,0,10,8,2,51,577,526,0.912,1,3,163.1,166.1,0
#N/A,David Schlemko,FA,D,6,0,1,1,0,1,9,0,0,0,0,0,6,12,0,0,0,0,0,0,0,0,15.65,0,15.65,0
#N/A,Luca Sbisa,FA,D,5,0,1,1,0,2,4,0,0,0,0,0,8,7,0,0,0,0,0,0,0,0,11.2,0,11.2,0
#N/A,Cody Goloubef,OTT,D,9,0,1,1,-2,6,9,0,0,0,0,0,11,9,0,0,0,0,0,0,0,0,14.9,0,14.9,0
#N/A,Brian Elliott,PHI,G,30,0,1,1,0,0,0,0,0,0,0,0,0,0,14,12,2,78,861,783,0.909,1,3,220.05,223.05,0
62,Ben Bishop,DAL,G,54,0,1,1,0,0,0,0,0,0,0,0,0,0,32,18,2,121,1574,1453,0.923,5,3,509.55,512.55,0
#N/A,Anton Khudobin,DAL,G,31,0,1,1,0,0,0,0,0,0,0,0,0,0,15,12,2,76,877,801,0.913,1,3,240.35,243.35,0
#N/A,Nate Prosser,PHI,D,17,0,1,1,1,5,9,0,0,0,0,0,17,23,0,0,0,0,0,0,0,0,24.55,0,24.55,0
170,Carter Hutton,BUF,G,50,0,1,1,0,0,0,0,0,0,0,0,0,0,21,22,5,127,1468,1341,0.913,2,3,380.35,383.35,0
167,Robin Lehner,CHI,G,44,0,1,1,0,0,0,0,0,0,0,0,0,0,22,19,2,110,1345,1235,0.918,3,3,378.25,381.25,0
#N/A,Anders Nilsson,OTT,G,33,0,1,1,0,0,0,0,0,0,0,0,0,0,12,18,2,92,955,863,0.904,0,3,206.05,209.05,0
#N/A,James Reimer,CAR,G,28,0,0,0,0,0,0,0,0,0,0,0,0,0,14,10,2,69,743,674,0.907,2,0,204.9,204.9,0
#N/A,Erik Condra,COL,RW,0,0,0,0,0,0,0,0,0,0,0,0,0,0,0,0,0,0,0,0,0,0,0,0,0,-0.2
#N/A,Edward Pasquale,FA,G,1,0,0,0,0,0,0,0,0,0,0,0,0,0,0,1,0,3,31,28,0.903,0,0,4.8,4.8,0
#N/A,Matt Bartkowski,MIN,D,2,0,0,0,0,1,2,0,0,0,0,0,4,1,0,0,0,0,0,0,0,0,2.85,0,2.85,0
#N/A,Justin Falk,FA,D,0,0,0,0,0,0,0,0,0,0,0,0,0,0,0,0,0,0,0,0,0,0,0,0,0,0
#N/A,Chad Johnson,FA,G,10,0,0,0,0,0,0,0,0,0,0,0,0,0,3,4,1,27,259,232,0.896,0,0,52.2,52.2,0
#N/A,Eric Gryba,FA,D,0,0,0,0,0,0,0,0,0,0,0,0,0,0,0,0,0,0,0,0,0,0,0,0,0,0
#N/A,Dale Weise,MON,RW,4,0,0,0,0,2,5,0,0,0,0,0,7,1,0,0,0,0,0,0,0,0,5.3,0,5.3,-0.8
#N/A,Jack Campbell,LA,G,34,0,0,0,0,0,0,0,0,0,0,0,0,0,16,15,1,93,966,873,0.904,1,0,230.55,230.55,0
#N/A,Eric Tangradi,FA,LW,0,0,0,0,0,0,0,0,0,0,0,0,0,0,0,0,0,0,0,0,0,0,0,0,0,0
#N/A,Cody McLeod,FA,LW,12,0,0,0,-3,26,8,0,0,0,0,0,33,4,0,0,0,0,0,0,0,0,12.7,0,12.7,-0.2
#N/A,Zac Dalpe,CLS,C,0,0,0,0,0,0,0,0,0,0,0,0,0,0,0,0,0,0,0,0,0,0,0,0,0,-0.2
#N/A,Mike McKenna,FA,G,2,0,0,0,0,0,0,0,0,0,0,0,0,0,1,1,0,6,60,54,0.9,0,0,12.9,12.9,0
#N/A,Matt Beleskey,NYR,LW,0,0,0,0,0,0,0,0,0,0,0,0,0,0,0,0,0,0,0,0,0,0,0,0,0,0.2
#N/A,Michael Hutchinson,TOR,G,21,0,0,0,0,0,0,0,0,0,0,0,0,0,9,7,3,57,597,540,0.905,1,0,142,142,0
#N/A,Marc Methot,FA,D,8,0,0,0,1,5,6,0,0,0,0,0,18,10,0,0,0,0,0,0,0,0,13.95,0,13.95,0
#N/A,Ryan Callahan,OTT,RW,0,0,0,0,0,0,0,0,0,0,0,0,0,0,0,0,0,0,0,0,0,0,0,0,0,-1.8
#N/A,Thomas Hickey,NYI,D,3,0,0,0,0,2,4,0,0,0,0,0,3,5,0,0,0,0,0,0,0,0,5.2,0,5.2,0
#N/A,Karl Alzner,MON,D,0,0,0,0,0,0,0,0,0,0,0,0,0,0,0,0,0,0,0,0,0,0,0,0,0,0
#N/A,Curtis McElhinney,TB,G,23,0,0,0,0,0,0,0,0,0,0,0,0,0,11,8,3,55,603,548,0.909,1,0,166.8,166.8,0
#N/A,Kyle Brodziak,FA,C,0,0,0,0,0,0,0,0,0,0,0,0,0,0,0,0,0,0,0,0,0,0,0,0,0,6.2
#N/A,Lee Stempniak,FA,RW,0,0,0,0,0,0,0,0,0,0,0,0,0,0,0,0,0,0,0,0,0,0,0,0,0,0
#N/A,Chris Thorburn,FA,RW,0,0,0,0,0,0,0,0,0,0,0,0,0,0,0,0,0,0,0,0,0,0,0,0,0,0
56,Pekka Rinne,NSH,G,57,0,0,0,0,0,0,0,0,0,0,0,0,0,34,18,5,132,1652,1520,0.92,3,0,512,512,0
#N/A,Michal Neuvirth,FA,G,0,0,0,0,0,0,0,0,0,0,0,0,0,0,0,0,0,0,0,0,0,0,0,0,0,0
129,Semyon Varlamov,NYI,G,50,0,0,0,0,0,0,0,0,0,0,0,0,0,26,19,3,124,1492,1368,0.917,3,0,422.8,422.8,0
#N/A,Jonathan Bernier,DET,G,30,0,0,0,0,0,0,0,0,0,0,0,0,0,13,13,2,90,977,887,0.908,1,0,216.45,216.45,0
#N/A,Martin Hanzal,DAL,C,0,0,0,0,0,0,0,0,0,0,0,0,0,0,0,0,0,0,0,0,0,0,0,0,0,2.8
#N/A,Matt Hunwick,BUF,D,0,0,0,0,0,0,0,0,0,0,0,0,0,0,0,0,0,0,0,0,0,0,0,0,0,0
239,Cory Schneider,NJ,G,43,0,0,0,0,0,0,0,0,0,0,0,0,0,20,18,3,113,1211,1098,0.907,2,0,305.3,305.3,0
#N/A,Justin Williams,FA,RW,0,0,0,0,0,0,0,0,0,0,0,0,0,0,0,0,0,0,0,0,0,0,0,0,0,-11.6
#N/A,Cam Ward,FA,G,0,0,0,0,0,0,0,0,0,0,0,0,0,0,0,0,0,0,0,0,0,0,0,0,0,0
#N/A,Ryan Miller,ANH,G,25,0,0,0,0,0,0,0,0,0,0,0,0,0,10,11,3,66,727,661,0.909,0,0,173.35,173.35,0
#N/A,Ryan Kesler,ANH,C,0,0,0,0,0,0,0,0,0,0,0,0,0,0,0,0,0,0,0,0,0,0,0,0,0,23.8
#N/A,Patrick Eaves,ANH,RW,0,0,0,0,0,0,0,0,0,0,0,0,0,0,0,0,0,0,0,0,0,0,0,0,0,0
#N/A,Richard Bachman,VAN,G,3,0,0,0,0,0,0,0,0,0,0,0,0,0,1,2,0,9,80,71,0.888,0,0,13.85,13.85,0
#N/A,Brad Malone,EDM,C,6,0,0,0,0,3,6,0,0,0,0,0,15,2,0,0,0,0,0,0,0,0,9.25,0,9.25,-1.6
92,Martin Jones,SJ,G,62,0,0,0,0,0,0,0,0,0,0,0,0,0,33,21,6,159,1708,1549,0.907,3,0,457.15,457.15,0
#N/A,Anthony Peluso,EDM,RW,0,0,0,0,0,0,0,0,0,0,0,0,0,0,0,0,0,0,0,0,0,0,0,0,0,0
#N/A,Mark Alt,COL,D,0,0,0,0,0,0,0,0,0,0,0,0,0,0,0,0,0,0,0,0,0,0,0,0,0,0
46,Philipp Grubauer,COL,G,64,0,0,0,0,0,0,0,0,0,0,0,0,0,29,24,7,157,1962,1805,0.92,4,0,548.75,548.75,0
#N/A,Dylan McIlrath,DET,D,0,0,0,0,0,0,0,0,0,0,0,0,0,0,0,0,0,0,0,0,0,0,0,0,0,0
#N/A,Calvin Pickard,DET,G,10,0,0,0,0,0,0,0,0,0,0,0,0,0,3,4,1,22,221,199,0.9,0,0,55.65,55.65,0
#N/A,Louis Domingue,TB,G,0,0,0,0,0,0,0,0,0,0,0,0,0,0,0,0,0,0,0,0,0,0,0,0,0,0
#N/A,Philip Varone,MON,C,8,0,0,0,0,1,5,0,0,0,0,0,4,3,0,0,0,0,0,0,0,0,5.35,0,5.35,-0.2
#N/A,Steven Fogarty,NYR,C,0,0,0,0,0,0,0,0,0,0,0,0,0,0,0,0,0,0,0,0,0,0,0,0,0,-2.2
#N/A,Christopher Gibson,NYI,G,1,0,0,0,0,0,0,0,0,0,0,0,0,0,0,1,0,3,30,27,0.9,0,0,4.45,4.45,0
#N/A,Jordan Nolan,STL,RW,6,0,0,0,-1,6,5,0,0,0,0,0,10,1,0,0,0,0,0,0,0,0,5.5,0,5.5,-0.2
#N/A,Matt Tennyson,NJ,D,2,0,0,0,-1,0,2,0,0,0,0,0,3,2,0,0,0,0,0,0,0,0,3.2,0,3.2,0
#N/A,Paul Carey,BOS,RW,0,0,0,0,0,0,0,0,0,0,0,0,0,0,0,0,0,0,0,0,0,0,0,0,0,-0.4
109,Jordan Binnington,STL,G,58,0,0,0,0,0,0,0,0,0,0,0,0,0,30,22,4,130,1520,1390,0.914,4,0,464.5,464.5,0
#N/A,Kyle Rau,MIN,C,4,0,0,0,0,0,4,0,0,0,0,0,5,1,0,0,0,0,0,0,0,0,4.5,0,4.5,0.4
98,Petr Mrazek,CAR,G,58,0,0,0,0,0,0,0,0,0,0,0,0,0,32,21,3,130,1534,1404,0.915,3,0,473.4,473.4,0
#N/A,Brandon Manning,EDM,D,0,0,0,0,0,0,0,0,0,0,0,0,0,0,0,0,0,0,0,0,0,0,0,0,0,0
#N/A,Marcus Hogberg,OTT,G,0,0,0,0,0,0,0,0,0,0,0,0,0,0,0,0,0,0,0,0,0,0,0,0,0,0
#N/A,Scott Darling,FA,G,12,0,0,0,0,0,0,0,0,0,0,0,0,0,4,5,1,29,299,270,0.903,0,0,71.5,71.5,0
#N/A,Kevin Roy,FLA,C,2,0,0,0,0,0,2,0,0,0,0,0,1,1,0,0,0,0,0,0,0,0,1.9,0,1.9,0
#N/A,Danny O'Regan,NYR,C,0,0,0,0,0,0,0,0,0,0,0,0,0,0,0,0,0,0,0,0,0,0,0,0,0,0.2
#N/A,Dillon Heatherington,DAL,D,0,0,0,0,0,0,0,0,0,0,0,0,0,0,0,0,0,0,0,0,0,0,0,0,0,0
#N/A,Laurent Dauphin,NSH,C,0,0,0,0,0,0,0,0,0,0,0,0,0,0,0,0,0,0,0,0,0,0,0,0,0,-0.2
#N/A,Eric Comrie,ARI,G,0,0,0,0,0,0,0,0,0,0,0,0,0,0,0,0,0,0,0,0,0,0,0,0,0,0
#N/A,Samuel Morin,PHI,D,3,0,0,0,-1,4,6,0,0,0,0,0,8,4,0,0,0,0,0,0,0,0,7.2,0,7.2,0
#N/A,Max Lagace,BOS,G,0,0,0,0,0,0,0,0,0,0,0,0,0,0,0,0,0,0,0,0,0,0,0,0,0,0
#N/A,Brian Lashoff,DET,D,1,0,0,0,0,0,0,0,0,0,0,0,1,1,0,0,0,0,0,0,0,0,0.9,0,0.9,0
#N/A,Curtis Lazar,BUF,C,0,0,0,0,0,0,0,0,0,0,0,0,0,0,0,0,0,0,0,0,0,0,0,0,0,0.4
#N/A,Brendan Gaunce,BOS,C,0,0,0,0,0,0,0,0,0,0,0,0,0,0,0,0,0,0,0,0,0,0,0,0,0,0.6
#N/A,Malcolm Subban,VGK,G,21,0,0,0,0,0,0,0,0,0,0,0,0,0,10,9,1,55,613,558,0.91,1,0,158.3,158.3,0
144,Joonas Korpisalo,CLS,G,52,0,0,0,0,0,0,0,0,0,0,0,0,0,25,22,3,135,1531,1396,0.912,2,0,399.6,399.6,0
#N/A,Anthony Stolarz,ANH,G,0,0,0,0,0,0,0,0,0,0,0,0,0,0,0,0,0,0,0,0,0,0,0,0,0,0
#N/A,Chase De Leo,ANH,C,0,0,0,0,0,0,0,0,0,0,0,0,0,0,0,0,0,0,0,0,0,0,0,0,0,0
#N/A,Joel Hanley,DAL,D,0,0,0,0,0,0,0,0,0,0,0,0,0,0,0,0,0,0,0,0,0,0,0,0,0,0
#N/A,Erik Burgdoerfer,WAS,D,4,0,0,0,0,1,3,0,0,0,0,0,13,1,0,0,0,0,0,0,0,0,6.95,0,6.95,0
#N/A,Aaron Dell,SJ,G,23,0,0,0,0,0,0,0,0,0,0,0,0,0,10,8,2,64,688,624,0.907,1,0,162.4,162.4,0
#N/A,Dakota Mermis,NJ,D,0,0,0,0,0,0,0,0,0,0,0,0,0,0,0,0,0,0,0,0,0,0,0,0,0,0
#N/A,Rourke Chartier,FA,C,0,0,0,0,0,0,0,0,0,0,0,0,0,0,0,0,0,0,0,0,0,0,0,0,0,-3.4
#N/A,Mike Condon,TB,G,1,0,0,0,0,0,0,0,0,0,0,0,0,0,1,0,0,3,25,22,0.88,0,0,6.7,6.7,0
#N/A,Josh Brown,FLA,D,14,0,0,0,-1,11,11,0,0,0,0,0,30,12,0,0,0,0,0,0,0,0,20.75,0,20.75,0
#N/A,Jakub Zboril,BOS,D,1,0,0,0,0,0,1,0,0,0,0,0,2,0,0,0,0,0,0,0,0,0,1.3,0,1.3,0
#N/A,Elvis Merzlikins,CLS,G,34,0,0,0,0,0,0,0,0,0,0,0,0,0,16,14,2,90,944,854,0.905,0,0,228.9,228.9,0
#N/A,Mark Friedman,PHI,D,2,0,0,0,-2,2,4,0,0,0,0,0,3,1,0,0,0,0,0,0,0,0,3.2,0,3.2,0
#N/A,Max McCormick,CAR,LW,0,0,0,0,0,0,0,0,0,0,0,0,0,0,0,0,0,0,0,0,0,0,0,0,0,-0.2
#N/A,Joshua Jacobs,NJ,D,0,0,0,0,0,0,0,0,0,0,0,0,0,0,0,0,0,0,0,0,0,0,0,0,0,0
#N/A,Andreas Englund,OTT,D,3,0,0,0,-1,5,2,0,0,0,0,0,7,2,0,0,0,0,0,0,0,0,3.55,0,3.55,0
#N/A,Haydn Fleury,CAR,D,4,0,0,0,0,1,5,0,0,0,0,0,5,5,0,0,0,0,0,0,0,0,6.75,0,6.75,0
#N/A,Laurent Brossoit,WPG,G,21,0,0,0,0,0,0,0,0,0,0,0,0,0,10,8,3,50,577,527,0.913,0,0,158.45,158.45,0
#N/A,Jake Dotchin,STL,D,0,0,0,0,0,0,0,0,0,0,0,0,0,0,0,0,0,0,0,0,0,0,0,0,0,0
#N/A,Linus Ullmark,BUF,G,35,0,0,0,0,0,0,0,0,0,0,0,0,0,12,17,5,95,923,828,0.897,0,0,192.8,192.8,0
#N/A,Adin Hill,ARI,G,7,0,0,0,0,0,0,0,0,0,0,0,0,0,2,3,0,17,169,152,0.899,0,0,38.2,38.2,0
#N/A,Joey Daccord,OTT,G,0,0,0,0,0,0,0,0,0,0,0,0,0,0,0,0,0,0,0,0,0,0,0,0,0,0
213,MacKenzie Blackwood,NJ,G,43,0,0,0,0,0,0,0,0,0,0,0,0,0,22,17,2,110,1229,1119,0.91,2,0,329.65,329.65,0
#N/A,Guillaume Brisebois,VAN,D,8,0,0,0,-4,0,5,0,0,0,0,0,3,7,0,0,0,0,0,0,0,0,7.2,0,7.2,0
#N/A,Dennis Gilbert,CHI,D,0,0,0,0,0,0,0,0,0,0,0,0,0,0,0,0,0,0,0,0,0,0,0,0,0,0
#N/A,Andreas Martinsen,ANH,LW,6,0,0,0,-1,4,6,0,0,0,0,0,19,2,0,0,0,0,0,0,0,0,10.6,0,10.6,-0.2
#N/A,Garret Sparks,VGK,G,2,0,0,0,0,0,0,0,0,0,0,0,0,0,1,1,0,7,65,58,0.892,0,0,11.3,11.3,0
#N/A,Kevin Stenlund,CLS,C,8,0,0,0,0,8,6,0,0,0,0,0,6,2,0,0,0,0,0,0,0,0,4.4,0,4.4,0
#N/A,Will Borgen,BUF,D,0,0,0,0,0,0,0,0,0,0,0,0,0,0,0,0,0,0,0,0,0,0,0,0,0,0
#N/A,Anton Blidh,BOS,LW,1,0,0,0,0,0,1,0,0,0,0,0,2,0,0,0,0,0,0,0,0,0,1.3,0,1.3,0
#N/A,Jeremy Lauzon,BOS,D,0,0,0,0,0,0,11,1,0,0,0,0,0,0,0,0,0,0,0,0,0,0,7.5,0,7.5,0
#N/A,Alex Lyon,PHI,G,1,0,0,0,0,0,0,0,0,0,0,0,0,0,1,1,0,3,31,28,0.903,0,0,8.8,8.8,0
#N/A,Kevin Boyle,ANH,G,0,0,0,0,0,0,0,0,0,0,0,0,0,0,0,0,0,0,0,0,0,0,0,0,0,0
#N/A,Anthony Richard,NSH,C,0,0,0,0,0,0,0,0,0,0,0,0,0,0,0,0,0,0,0,0,0,0,0,0,0,0
#N/A,Charlie Lindgren,MON,G,0,0,0,0,0,0,0,0,0,0,0,0,0,0,0,0,0,0,0,0,0,0,0,0,0,0
#N/A,Blake Pietila,ANH,LW,2,0,0,0,-1,1,2,0,0,0,0,0,4,1,0,0,0,0,0,0,0,0,2.85,0,2.85,-2
#N/A,Paul LaDue,LA,D,2,0,0,0,0,1,2,0,0,0,0,0,3,2,0,0,0,0,0,0,0,0,2.95,0,2.95,0
#N/A,Anton Lindholm,COL,D,0,0,0,0,0,0,0,0,0,0,0,0,0,0,0,0,0,0,0,0,0,0,0,0,0,0
#N/A,Jesse Puljujarvi,FA,RW,0,0,0,0,0,0,0,0,0,0,0,0,0,0,0,0,0,0,0,0,0,0,0,0,0,0
89,Carter Hart,PHI,G,55,0,0,0,0,0,0,0,0,0,0,0,0,0,28,20,5,142,1725,1583,0.918,3,0,472.05,472.05,0
#N/A,Nelson Nogier,WPG,D,5,0,0,0,0,2,4,0,0,0,0,0,5,3,0,0,0,0,0,0,0,0,5,0,5,0
169,David Rittich,CGY,G,44,0,0,0,0,0,0,0,0,0,0,0,0,0,26,11,4,110,1277,1167,0.914,2,0,366.45,366.45,0
#N/A,Rem Pitlick,NSH,C,0,0,0,0,0,0,0,0,0,0,0,0,0,0,0,0,0,0,0,0,0,0,0,0,0,0
#N/A,Brandon Gignac,NJ,C,0,0,0,0,0,0,0,0,0,0,0,0,0,0,0,0,0,0,0,0,0,0,0,0,0,0
#N/A,Landon Bow,DAL,G,2,0,0,0,0,0,0,0,0,0,0,0,0,0,0,1,0,4,42,38,0.905,0,0,9.3,9.3,0
#N/A,Justin Kloos,ANH,C,3,0,0,0,0,3,3,0,0,0,0,0,3,0,0,0,0,0,0,0,0,0,1.95,0,1.95,0
#N/A,Colton White,NJ,D,1,0,0,0,-1,1,0,0,0,0,0,0,1,1,0,0,0,0,0,0,0,0,0.65,0,0.65,0
#N/A,John Gilmour,BUF,D,0,0,0,0,0,0,0,0,0,0,0,0,0,0,0,0,0,0,0,0,0,0,0,0,0,0
#N/A,Jack Rodewald,OTT,RW,3,0,0,0,0,1,1,0,0,0,0,0,4,2,0,0,0,0,0,0,0,0,2.85,0,2.85,0
#N/A,Hunter Miska,COL,G,2,0,0,0,0,0,0,0,0,0,0,0,0,0,0,2,0,6,58,52,0.897,0,0,8.2,8.2,0
#N/A,Ryan Lomberg,CGY,LW,5,0,0,0,0,16,3,0,0,0,0,0,12,0,0,0,0,0,0,0,0,0,2.3,0,2.3,0
#N/A,Casey DeSmith,PIT,G,28,0,0,0,0,0,0,0,0,0,0,0,0,0,13,11,2,66,734,668,0.91,1,0,203.8,203.8,0
#N/A,Collin Delia,CHI,G,3,0,0,0,0,0,0,0,0,0,0,0,0,0,1,1,0,7,77,70,0.909,0,0,19.5,19.5,0
#N/A,Kaden Fulcher,DET,G,0,0,0,0,0,0,0,0,0,0,0,0,0,0,0,0,0,0,0,0,0,0,0,0,0,0
#N/A,Urho Vaakanainen,BOS,D,2,0,0,0,-1,0,2,0,0,0,0,0,0,0,0,0,0,0,0,0,0,0,1,0,1,0
#N/A,Michael DiPietro,VAN,G,1,0,0,0,0,0,0,0,0,0,0,0,0,0,0,1,0,3,26,23,0.885,0,0,3.05,3.05,0
#N/A,Cal Petersen,LA,G,0,0,0,0,0,0,0,0,0,0,0,0,0,0,0,0,0,0,0,0,0,0,0,0,0,0
#N/A,Colin Blackwell,NSH,C,2,0,0,0,0,1,2,0,0,0,0,0,3,1,0,0,0,0,0,0,0,0,2.45,0,2.45,-0.6
#N/A,Josh Teves,VAN,D,1,0,0,0,-1,2,0,0,0,0,0,0,4,1,0,0,0,0,0,0,0,0,1.6,0,1.6,0
#N/A,Brady Keeper,FLA,D,0,0,0,0,0,0,0,0,0,0,0,0,0,0,0,0,0,0,0,0,0,0,0,0,0,0
#N/A,Nico Sturm,MIN,C,2,0,0,0,0,0,7,0,0,0,0,0,3,2,0,0,0,0,0,0,0,0,5.7,0,5.7,-1.4
#N/A,Brogan Rafferty,VAN,D,2,0,0,0,-1,0,3,0,0,0,0,0,0,2,0,0,0,0,0,0,0,0,2.5,0,2.5,0
#N/A,Pavel Francouz,COL,G,20,0,0,0,0,0,0,0,0,0,0,0,0,0,9,9,2,56,602,546,0.907,0,0,139.1,139.1,0
#N/A,Cooper Marody,EDM,C,2,0,0,0,0,0,2,0,0,0,0,0,0,0,0,0,0,0,0,0,0,0,1,0,1,-1.6
#N/A,Riley Stillman,FLA,D,0,0,0,0,0,0,0,0,0,0,0,0,0,0,0,0,0,0,0,0,0,0,0,0,0,0
#N/A,Anthony Greco,FLA,C,2,0,0,0,-6,0,4,0,0,0,0,0,0,0,0,0,0,0,0,0,0,0,2,0,2,0
#N/A,Jacob MacDonald,COL,D,0,0,0,0,0,0,0,0,0,0,0,0,0,0,0,0,0,0,0,0,0,0,0,0,0,0
#N/A,Isac Lundestrom,ANH,LW,3,0,0,0,0,0,3,0,0,0,0,0,1,1,0,0,0,0,0,0,0,0,2.4,0,2.4,-4.4
#N/A,Jacob Nilsson,CHI,C,0,0,0,0,0,0,0,0,0,0,0,0,0,0,0,0,0,0,0,0,0,0,0,0,0,-0.4
